{"resourceType":"CodeSystem","id":"BREstrategiaVacinacao","language":"pt-BR","text":{"status":"generated","div":"<div xmlns=\"http://www.w3.org/1999/xhtml\" xml:lang=\"pt-BR\" lang=\"pt-BR\"><p class=\"res-header-id\"><b>Generated Narrative: CodeSystem BREstrategiaVacinacao</b></p><a name=\"BREstrategiaVacinacao\"> </a><a name=\"hcBREstrategiaVacinacao\"> </a><a name=\"BREstrategiaVacinacao-und\"> </a><div style=\"display: inline-block; background-color: #d9e0e7; padding: 6px; margin: 4px; border: 1px solid #8da1b4; border-radius: 5px; line-height: 60%\"><p style=\"margin-bottom: 0px\">Language: pt-BR</p></div><p>This case-sensitive code system <code>http://www.saude.gov.br/fhir/r4/CodeSystem/BREstrategiaVacinacao</code> defines the following codes:</p><table class=\"codes\"><tr><td style=\"white-space:nowrap\"><b>Code</b></td><td><b>Display</b></td></tr><tr><td style=\"white-space:nowrap\">1<a name=\"BREstrategiaVacinacao-1\"> </a></td><td>Rotina</td></tr><tr><td style=\"white-space:nowrap\">2<a name=\"BREstrategiaVacinacao-2\"> </a></td><td>Especial</td></tr><tr><td style=\"white-space:nowrap\">3<a name=\"BREstrategiaVacinacao-3\"> </a></td><td>Bloqueio</td></tr><tr><td style=\"white-space:nowrap\">4<a name=\"BREstrategiaVacinacao-4\"> </a></td><td>Intensificação</td></tr><tr><td style=\"white-space:nowrap\">5<a name=\"BREstrategiaVacinacao-5\"> </a></td><td>Campanha indiscriminada</td></tr><tr><td style=\"white-space:nowrap\">6<a name=\"BREstrategiaVacinacao-6\"> </a></td><td>Campanha seletiva</td></tr><tr><td style=\"white-space:nowrap\">7<a name=\"BREstrategiaVacinacao-7\"> </a></td><td>Soroterapia</td></tr><tr><td style=\"white-space:nowrap\">8<a name=\"BREstrategiaVacinacao-8\"> </a></td><td>Serviço Privado</td></tr><tr><td style=\"white-space:nowrap\">9<a name=\"BREstrategiaVacinacao-9\"> </a></td><td>Monitoramento rápido de cobertura vacinal</td></tr><tr><td style=\"white-space:nowrap\">10<a name=\"BREstrategiaVacinacao-10\"> </a></td><td>Pesquisa</td></tr><tr><td style=\"white-space:nowrap\">11<a name=\"BREstrategiaVacinacao-11\"> </a></td><td>Pré-exposição</td></tr><tr><td style=\"white-space:nowrap\">12<a name=\"BREstrategiaVacinacao-12\"> </a></td><td>Pós-exposição</td></tr><tr><td style=\"white-space:nowrap\">13<a name=\"BREstrategiaVacinacao-13\"> </a></td><td>Reexposição</td></tr><tr><td style=\"white-space:nowrap\">14<a name=\"BREstrategiaVacinacao-14\"> </a></td><td>Vacinação Escolar</td></tr></table><p><b>Additional Language Displays</b></p><table class=\"codes\"><tr><td><b>Code</b></td><td><b>English (English, en)</b></td><td><b>Spanish (es)</b></td></tr><tr><td>1</td><td>Routine immunization</td><td>Rutina</td></tr><tr><td>2</td><td>Special</td><td>Especial</td></tr><tr><td>3</td><td>Blocking vaccination</td><td>Vacunación de bloqueo</td></tr><tr><td>4</td><td>Intensification</td><td>Intensificación</td></tr><tr><td>5</td><td>Indiscriminate campaign</td><td>Campaña indiscriminada</td></tr><tr><td>6</td><td>Selective campaign</td><td>Campaña selectiva</td></tr><tr><td>7</td><td>Serum therapy</td><td>Sueroterapia</td></tr><tr><td>8</td><td>Private Sector</td><td>Servicio privado</td></tr><tr><td>9</td><td>Rapid monitoring of vaccination coverage</td><td>Seguimiento rápido de la cobertura de vacunación</td></tr><tr><td>10</td><td>Trials</td><td>Ensayos clínicos</td></tr><tr><td>11</td><td>Pre-exposure</td><td>Preexposición</td></tr><tr><td>12</td><td>Post-exposure</td><td>Post-exposición</td></tr><tr><td>13</td><td>Re-exposure</td><td>Reexposición</td></tr><tr><td>14</td><td></td><td></td></tr></table></div>"},"extension":[{"url":"http://hl7.org/fhir/StructureDefinition/structuredefinition-fmm","valueInteger":1,"_valueInteger":{"extension":[{"url":"http://hl7.org/fhir/StructureDefinition/structuredefinition-conformance-derivedFrom","valueCanonical":"http://www.saude.gov.br/fhir/r4/ImplementationGuide/br.gov.saude.ria.fhir"}]}},{"url":"http://hl7.org/fhir/StructureDefinition/structuredefinition-standards-status","valueCode":"informative","_valueCode":{"extension":[{"url":"http://hl7.org/fhir/StructureDefinition/structuredefinition-conformance-derivedFrom","valueCanonical":"http://www.saude.gov.br/fhir/r4/ImplementationGuide/br.gov.saude.ria.fhir"}]}}],"url":"http://www.saude.gov.br/fhir/r4/CodeSystem/BREstrategiaVacinacao","version":"0.1.0","name":"BREstrategiaVacinacao","title":"Estratégia de Vacinação","status":"active","experimental":false,"date":"2020-03-11T18:12:20.2627546+00:00","publisher":"Ministério da Saúde do Brasil","contact":[{"telecom":[{"system":"url","value":"http://www.saude.gov.br"}]}],"description":"Classifica a estratégia de vacinação adotada.","jurisdiction":[{"coding":[{"system":"urn:iso:std:iso:3166","code":"BR"}]}],"caseSensitive":true,"content":"complete","concept":[{"code":"1","display":"Rotina","designation":[{"language":"en","value":"Routine immunization"},{"language":"es","value":"Rutina"},{"language":"pt-BR","use":{"system":"http://terminology.hl7.org/CodeSystem/designation-usage","code":"display"},"value":"Rotina"}]},{"code":"2","display":"Especial","designation":[{"language":"en","value":"Special"},{"language":"es","value":"Especial"},{"language":"pt-BR","use":{"system":"http://terminology.hl7.org/CodeSystem/designation-usage","code":"display"},"value":"Especial"}]},{"code":"3","display":"Bloqueio","designation":[{"language":"en","value":"Blocking vaccination"},{"language":"es","value":"Vacunación de bloqueo"},{"language":"pt-BR","use":{"system":"http://terminology.hl7.org/CodeSystem/designation-usage","code":"display"},"value":"Bloqueio"}]},{"code":"4","display":"Intensificação","designation":[{"language":"en","value":"Intensification"},{"language":"es","value":"Intensificación"},{"language":"pt-BR","use":{"system":"http://terminology.hl7.org/CodeSystem/designation-usage","code":"display"},"value":"Intensificação"}]},{"code":"5","display":"Campanha indiscriminada","designation":[{"language":"en","value":"Indiscriminate campaign"},{"language":"es","value":"Campaña indiscriminada"},{"language":"pt-BR","use":{"system":"http://terminology.hl7.org/CodeSystem/designation-usage","code":"display"},"value":"Campanha indiscriminada"}]},{"code":"6","display":"Campanha seletiva","designation":[{"language":"en","value":"Selective campaign"},{"language":"es","value":"Campaña selectiva"},{"language":"pt-BR","use":{"system":"http://terminology.hl7.org/CodeSystem/designation-usage","code":"display"},"value":"Campanha seletiva"}]},{"code":"7","display":"Soroterapia","designation":[{"language":"en","value":"Serum therapy"},{"language":"es","value":"Sueroterapia"},{"language":"pt-BR","use":{"system":"http://terminology.hl7.org/CodeSystem/designation-usage","code":"display"},"value":"Soroterapia"}]},{"code":"8","display":"Serviço Privado","designation":[{"language":"en","value":"Private Sector"},{"language":"es","value":"Servicio privado"},{"language":"pt-BR","use":{"system":"http://terminology.hl7.org/CodeSystem/designation-usage","code":"display"},"value":"Serviço Privado"}]},{"code":"9","display":"Monitoramento rápido de cobertura vacinal","designation":[{"language":"en","value":"Rapid monitoring of vaccination coverage"},{"language":"es","value":"Seguimiento rápido de la cobertura de vacunación"},{"language":"pt-BR","use":{"system":"http://terminology.hl7.org/CodeSystem/designation-usage","code":"display"},"value":"Monitoramento rápido de cobertura vacinal"}]},{"code":"10","display":"Pesquisa","designation":[{"language":"en","value":"Trials"},{"language":"es","value":"Ensayos clínicos"},{"language":"pt-BR","use":{"system":"http://terminology.hl7.org/CodeSystem/designation-usage","code":"display"},"value":"Pesquisa"}]},{"code":"11","display":"Pré-exposição","designation":[{"language":"en","value":"Pre-exposure"},{"language":"es","value":"Preexposición"},{"language":"pt-BR","use":{"system":"http://terminology.hl7.org/CodeSystem/designation-usage","code":"display"},"value":"Pré-exposição"}]},{"code":"12","display":"Pós-exposição","designation":[{"language":"en","value":"Post-exposure"},{"language":"es","value":"Post-exposición"},{"language":"pt-BR","use":{"system":"http://terminology.hl7.org/CodeSystem/designation-usage","code":"display"},"value":"Pós-exposição"}]},{"code":"13","display":"Reexposição","designation":[{"language":"en","value":"Re-exposure"},{"language":"es","value":"Reexposición"},{"language":"pt-BR","use":{"system":"http://terminology.hl7.org/CodeSystem/designation-usage","code":"display"},"value":"Reexposição"}]},{"code":"14","display":"Vacinação Escolar","designation":[{"language":"pt-BR","use":{"system":"http://terminology.hl7.org/CodeSystem/designation-usage","code":"display"},"value":"Vacinação Escolar"}]}]}