{"resourceType":"CodeSystem","id":"BRLocalAplicacao","language":"pt-BR","text":{"status":"generated","div":"<div xmlns=\"http://www.w3.org/1999/xhtml\" xml:lang=\"pt-BR\" lang=\"pt-BR\"><p class=\"res-header-id\"><b>Narrativa gerada: CodeSystem BRLocalAplicacao</b></p><a name=\"BRLocalAplicacao\"> </a><a name=\"hcBRLocalAplicacao\"> </a><a name=\"BRLocalAplicacao-pt-BR\"> </a><div style=\"display: inline-block; background-color: #d9e0e7; padding: 6px; margin: 4px; border: 1px solid #8da1b4; border-radius: 5px; line-height: 60%\"><p style=\"margin-bottom: 0px\">Língua: pt-BR</p></div><p>Este case-sensitive sistema de código <code>http://www.saude.gov.br/fhir/r4/CodeSystem/BRLocalAplicacao</code> define o seguinte códigos:</p><table class=\"codes\"><tr><td style=\"white-space:nowrap\"><b>Código</b></td><td><b>Ecrã</b></td></tr><tr><td style=\"white-space:nowrap\">0<a name=\"BRLocalAplicacao-0\"> </a></td><td>Sem registro no sistema de informação de origem</td></tr><tr><td style=\"white-space:nowrap\">1<a name=\"BRLocalAplicacao-1\"> </a></td><td>Deltóide Direito</td></tr><tr><td style=\"white-space:nowrap\">2<a name=\"BRLocalAplicacao-2\"> </a></td><td>Deltóide Esquerdo</td></tr><tr><td style=\"white-space:nowrap\">3<a name=\"BRLocalAplicacao-3\"> </a></td><td>Vasto Lateral da Coxa Direita</td></tr><tr><td style=\"white-space:nowrap\">4<a name=\"BRLocalAplicacao-4\"> </a></td><td>Vasto Lateral da Coxa Esquerda</td></tr><tr><td style=\"white-space:nowrap\">5<a name=\"BRLocalAplicacao-5\"> </a></td><td>Ventroglúteo Direito</td></tr><tr><td style=\"white-space:nowrap\">6<a name=\"BRLocalAplicacao-6\"> </a></td><td>Ventroglúteo Esquerdo</td></tr><tr><td style=\"white-space:nowrap\">7<a name=\"BRLocalAplicacao-7\"> </a></td><td>Glúteo (descontinuado)</td></tr><tr><td style=\"white-space:nowrap\">8<a name=\"BRLocalAplicacao-8\"> </a></td><td>Ferimento Local</td></tr><tr><td style=\"white-space:nowrap\">9<a name=\"BRLocalAplicacao-9\"> </a></td><td>Boca</td></tr><tr><td style=\"white-space:nowrap\">10<a name=\"BRLocalAplicacao-10\"> </a></td><td>Dorso Glúteo Direito</td></tr><tr><td style=\"white-space:nowrap\">11<a name=\"BRLocalAplicacao-11\"> </a></td><td>Dorso Glúteo Esquerdo</td></tr><tr><td style=\"white-space:nowrap\">12<a name=\"BRLocalAplicacao-12\"> </a></td><td>Face Externa Inferior do Braço Direito</td></tr><tr><td style=\"white-space:nowrap\">13<a name=\"BRLocalAplicacao-13\"> </a></td><td>Face Externa Inferior do Braço Esquerdo</td></tr><tr><td style=\"white-space:nowrap\">14<a name=\"BRLocalAplicacao-14\"> </a></td><td>Face Externa Superior do Braço Direito</td></tr><tr><td style=\"white-space:nowrap\">15<a name=\"BRLocalAplicacao-15\"> </a></td><td>Face Externa Superior do Braço Esquerdo</td></tr><tr><td style=\"white-space:nowrap\">16<a name=\"BRLocalAplicacao-16\"> </a></td><td>Rede Venosa</td></tr><tr><td style=\"white-space:nowrap\">17<a name=\"BRLocalAplicacao-17\"> </a></td><td>Face Anterolateral Externa da Coxa Direita</td></tr><tr><td style=\"white-space:nowrap\">18<a name=\"BRLocalAplicacao-18\"> </a></td><td>Face Anterolateral Externa da Coxa Esquerda</td></tr><tr><td style=\"white-space:nowrap\">19<a name=\"BRLocalAplicacao-19\"> </a></td><td>Face Anterolateral Externa do Braço Direito</td></tr><tr><td style=\"white-space:nowrap\">20<a name=\"BRLocalAplicacao-20\"> </a></td><td>Face Anterolateral Externa do Braço Esquerdo</td></tr><tr><td style=\"white-space:nowrap\">21<a name=\"BRLocalAplicacao-21\"> </a></td><td>Face Anterolateral Externa do Antebraço Direito</td></tr><tr><td style=\"white-space:nowrap\">22<a name=\"BRLocalAplicacao-22\"> </a></td><td>Face Anterolateral Externa do Antebraço Esquerdo</td></tr><tr><td style=\"white-space:nowrap\">99<a name=\"BRLocalAplicacao-99\"> </a></td><td>Outro</td></tr></table><p><b>Ecrãs de idiomas adicionais</b></p><table class=\"codes\"><tr><td><b>Código</b></td><td><b>English (English, en)</b></td><td><b>Spanish (es)</b></td></tr><tr><td>0</td><td>No registration in the source information system</td><td>Sin registro en el sistema de información de fuentes</td></tr><tr><td>1</td><td>Right deltoid</td><td>Deltoides derecho</td></tr><tr><td>2</td><td>Left deltoid</td><td>Deltoides izquierdo</td></tr><tr><td>3</td><td>Right Vastus Lateralis</td><td>Vasto lateral derecho</td></tr><tr><td>4</td><td>Left Vastus Lateralis</td><td>Vasto lateral izquierdo</td></tr><tr><td>5</td><td>Right ventro gluteus</td><td>Ventro gluteus derecho</td></tr><tr><td>6</td><td>Left ventro gluteus</td><td>Ventro gluteus izquierdo</td></tr><tr><td>7</td><td>gluteus (deprecated)</td><td>Glúteo (descontinuado)</td></tr><tr><td>8</td><td>Local Injury</td><td>Lesión local</td></tr><tr><td>9</td><td>Mouth</td><td>Boca</td></tr><tr><td>10</td><td>Right Gluteal Dorso</td><td>Dorso Gluteal Derecho</td></tr><tr><td>11</td><td>Left Gluteal Dorso</td><td>Dorso Gluteal Izquierdo</td></tr><tr><td>12</td><td>External Lower Face of Right Arm</td><td>Cara Inferior Externa del Brazo Derecho</td></tr><tr><td>13</td><td>External Lower Face of Left Arm</td><td>Cara Inferior Externa del Brazo Izquierdo</td></tr><tr><td>14</td><td>External Upper Face of Right Arm</td><td>Cara Superior Externa del Brazo Derecho</td></tr><tr><td>15</td><td>External Upper Face of Left Arm</td><td>Cara Superior Externa del Brazo Izquierdo</td></tr><tr><td>16</td><td>Venous System</td><td>Sistema Venoso</td></tr><tr><td>17</td><td>External Anterolateral Face of Right Thigh</td><td>Cara Anterolateral Externa del Muslo Derecho</td></tr><tr><td>18</td><td>External Anterolateral Face of Left Thigh</td><td>Cara Anterolateral Externa del Muslo Izquierdo</td></tr><tr><td>19</td><td>External Anterolateral Face of Right Arm</td><td>Cara Anterolateral Externa del Brazo Derecho</td></tr><tr><td>20</td><td>External Anterolateral Face of Left Arm</td><td>Cara Anterolateral Externa del Brazo Izquierdo</td></tr><tr><td>21</td><td>External Anterolateral Face of the Right Forearm</td><td>Cara Anterolateral Externa del Antebrazo Derecho</td></tr><tr><td>22</td><td>External Anterolateral Face of the Left Forearm</td><td>Cara Anterolateral Externa del Antebrazo Izquierdo</td></tr><tr><td>99</td><td>Other</td><td>Otra</td></tr></table></div>"},"extension":[{"url":"http://hl7.org/fhir/StructureDefinition/structuredefinition-fmm","valueInteger":1,"_valueInteger":{"extension":[{"url":"http://hl7.org/fhir/StructureDefinition/structuredefinition-conformance-derivedFrom","valueCanonical":"http://www.saude.gov.br/fhir/r4/ImplementationGuide/br.gov.saude.ria.fhir"}]}},{"url":"http://hl7.org/fhir/StructureDefinition/structuredefinition-standards-status","valueCode":"informative","_valueCode":{"extension":[{"url":"http://hl7.org/fhir/StructureDefinition/structuredefinition-conformance-derivedFrom","valueCanonical":"http://www.saude.gov.br/fhir/r4/ImplementationGuide/br.gov.saude.ria.fhir"}]}}],"url":"http://www.saude.gov.br/fhir/r4/CodeSystem/BRLocalAplicacao","version":"0.1.0","name":"BRLocalAplicacao","title":"Local de Aplicação","status":"active","experimental":false,"date":"2022-12-05T18:15:54.9540124+00:00","publisher":"Ministério da Saúde do Brasil","contact":[{"telecom":[{"system":"url","value":"http://www.saude.gov.br"}]}],"description":"Define a localização anatômica de aplicação de uma substância","jurisdiction":[{"coding":[{"system":"urn:iso:std:iso:3166","code":"BR"}]}],"caseSensitive":true,"content":"complete","concept":[{"code":"0","display":"Sem registro no sistema de informação de origem","designation":[{"language":"en","value":"No registration in the source information system"},{"language":"es","value":"Sin registro en el sistema de información de fuentes"},{"language":"pt-BR","use":{"system":"http://terminology.hl7.org/CodeSystem/designation-usage","code":"display"},"value":"Sem registro no sistema de informação de origem"}]},{"code":"1","display":"Deltóide Direito","designation":[{"language":"en","value":"Right deltoid"},{"language":"es","value":"Deltoides derecho"},{"language":"pt-BR","use":{"system":"http://terminology.hl7.org/CodeSystem/designation-usage","code":"display"},"value":"Deltóide Direito"}]},{"code":"2","display":"Deltóide Esquerdo","designation":[{"language":"en","value":"Left deltoid"},{"language":"es","value":"Deltoides izquierdo"},{"language":"pt-BR","use":{"system":"http://terminology.hl7.org/CodeSystem/designation-usage","code":"display"},"value":"Deltóide Esquerdo"}]},{"code":"3","display":"Vasto Lateral da Coxa Direita","designation":[{"language":"en","value":"Right Vastus Lateralis"},{"language":"es","value":"Vasto lateral derecho"},{"language":"pt-BR","use":{"system":"http://terminology.hl7.org/CodeSystem/designation-usage","code":"display"},"value":"Vasto Lateral da Coxa Direita"}]},{"code":"4","display":"Vasto Lateral da Coxa Esquerda","designation":[{"language":"en","value":"Left Vastus Lateralis"},{"language":"es","value":"Vasto lateral izquierdo"},{"language":"pt-BR","use":{"system":"http://terminology.hl7.org/CodeSystem/designation-usage","code":"display"},"value":"Vasto Lateral da Coxa Esquerda"}]},{"code":"5","display":"Ventroglúteo Direito","designation":[{"language":"en","value":"Right ventro gluteus"},{"language":"es","value":"Ventro gluteus derecho"},{"language":"pt-BR","use":{"system":"http://terminology.hl7.org/CodeSystem/designation-usage","code":"display"},"value":"Ventroglúteo Direito"}]},{"code":"6","display":"Ventroglúteo Esquerdo","designation":[{"language":"en","value":"Left ventro gluteus"},{"language":"es","value":"Ventro gluteus izquierdo"},{"language":"pt-BR","use":{"system":"http://terminology.hl7.org/CodeSystem/designation-usage","code":"display"},"value":"Ventroglúteo Esquerdo"}]},{"code":"7","display":"Glúteo (descontinuado)","designation":[{"language":"en","value":"gluteus (deprecated)"},{"language":"es","value":"Glúteo (descontinuado)"},{"language":"pt-BR","use":{"system":"http://terminology.hl7.org/CodeSystem/designation-usage","code":"display"},"value":"Glúteo (descontinuado)"}]},{"code":"8","display":"Ferimento Local","designation":[{"language":"en","value":"Local Injury"},{"language":"es","value":"Lesión local"},{"language":"pt-BR","use":{"system":"http://terminology.hl7.org/CodeSystem/designation-usage","code":"display"},"value":"Ferimento Local"}]},{"code":"9","display":"Boca","designation":[{"language":"en","value":"Mouth"},{"language":"es","value":"Boca"},{"language":"pt-BR","use":{"system":"http://terminology.hl7.org/CodeSystem/designation-usage","code":"display"},"value":"Boca"}]},{"code":"10","display":"Dorso Glúteo Direito","designation":[{"language":"en","value":"Right Gluteal Dorso"},{"language":"es","value":"Dorso Gluteal Derecho"},{"language":"pt-BR","use":{"system":"http://terminology.hl7.org/CodeSystem/designation-usage","code":"display"},"value":"Dorso Glúteo Direito"}]},{"code":"11","display":"Dorso Glúteo Esquerdo","designation":[{"language":"en","value":"Left Gluteal Dorso"},{"language":"es","value":"Dorso Gluteal Izquierdo"},{"language":"pt-BR","use":{"system":"http://terminology.hl7.org/CodeSystem/designation-usage","code":"display"},"value":"Dorso Glúteo Esquerdo"}]},{"code":"12","display":"Face Externa Inferior do Braço Direito","designation":[{"language":"en","value":"External Lower Face of Right Arm"},{"language":"es","value":"Cara Inferior Externa del Brazo Derecho"},{"language":"pt-BR","use":{"system":"http://terminology.hl7.org/CodeSystem/designation-usage","code":"display"},"value":"Face Externa Inferior do Braço Direito"}]},{"code":"13","display":"Face Externa Inferior do Braço Esquerdo","designation":[{"language":"en","value":"External Lower Face of Left Arm"},{"language":"es","value":"Cara Inferior Externa del Brazo Izquierdo"},{"language":"pt-BR","use":{"system":"http://terminology.hl7.org/CodeSystem/designation-usage","code":"display"},"value":"Face Externa Inferior do Braço Esquerdo"}]},{"code":"14","display":"Face Externa Superior do Braço Direito","designation":[{"language":"en","value":"External Upper Face of Right Arm"},{"language":"es","value":"Cara Superior Externa del Brazo Derecho"},{"language":"pt-BR","use":{"system":"http://terminology.hl7.org/CodeSystem/designation-usage","code":"display"},"value":"Face Externa Superior do Braço Direito"}]},{"code":"15","display":"Face Externa Superior do Braço Esquerdo","designation":[{"language":"en","value":"External Upper Face of Left Arm"},{"language":"es","value":"Cara Superior Externa del Brazo Izquierdo"},{"language":"pt-BR","use":{"system":"http://terminology.hl7.org/CodeSystem/designation-usage","code":"display"},"value":"Face Externa Superior do Braço Esquerdo"}]},{"code":"16","display":"Rede Venosa","designation":[{"language":"en","value":"Venous System"},{"language":"es","value":"Sistema Venoso"},{"language":"pt-BR","use":{"system":"http://terminology.hl7.org/CodeSystem/designation-usage","code":"display"},"value":"Rede Venosa"}]},{"code":"17","display":"Face Anterolateral Externa da Coxa Direita","designation":[{"language":"en","value":"External Anterolateral Face of Right Thigh"},{"language":"es","value":"Cara Anterolateral Externa del Muslo Derecho"},{"language":"pt-BR","use":{"system":"http://terminology.hl7.org/CodeSystem/designation-usage","code":"display"},"value":"Face Anterolateral Externa da Coxa Direita"}]},{"code":"18","display":"Face Anterolateral Externa da Coxa Esquerda","designation":[{"language":"en","value":"External Anterolateral Face of Left Thigh"},{"language":"es","value":"Cara Anterolateral Externa del Muslo Izquierdo"},{"language":"pt-BR","use":{"system":"http://terminology.hl7.org/CodeSystem/designation-usage","code":"display"},"value":"Face Anterolateral Externa da Coxa Esquerda"}]},{"code":"19","display":"Face Anterolateral Externa do Braço Direito","designation":[{"language":"en","value":"External Anterolateral Face of Right Arm"},{"language":"es","value":"Cara Anterolateral Externa del Brazo Derecho"},{"language":"pt-BR","use":{"system":"http://terminology.hl7.org/CodeSystem/designation-usage","code":"display"},"value":"Face Anterolateral Externa do Braço Direito"}]},{"code":"20","display":"Face Anterolateral Externa do Braço Esquerdo","designation":[{"language":"en","value":"External Anterolateral Face of Left Arm"},{"language":"es","value":"Cara Anterolateral Externa del Brazo Izquierdo"},{"language":"pt-BR","use":{"system":"http://terminology.hl7.org/CodeSystem/designation-usage","code":"display"},"value":"Face Anterolateral Externa do Braço Esquerdo"}]},{"code":"21","display":"Face Anterolateral Externa do Antebraço Direito","designation":[{"language":"en","value":"External Anterolateral Face of the Right Forearm"},{"language":"es","value":"Cara Anterolateral Externa del Antebrazo Derecho"},{"language":"pt-BR","use":{"system":"http://terminology.hl7.org/CodeSystem/designation-usage","code":"display"},"value":"Face Anterolateral Externa do Antebraço Direito"}]},{"code":"22","display":"Face Anterolateral Externa do Antebraço Esquerdo","designation":[{"language":"en","value":"External Anterolateral Face of the Left Forearm"},{"language":"es","value":"Cara Anterolateral Externa del Antebrazo Izquierdo"},{"language":"pt-BR","use":{"system":"http://terminology.hl7.org/CodeSystem/designation-usage","code":"display"},"value":"Face Anterolateral Externa do Antebraço Esquerdo"}]},{"code":"99","display":"Outro","designation":[{"language":"en","value":"Other"},{"language":"es","value":"Otra"},{"language":"pt-BR","use":{"system":"http://terminology.hl7.org/CodeSystem/designation-usage","code":"display"},"value":"Outro"}]}]}