{"resourceType":"CodeSystem","id":"BRDose","language":"pt-BR","text":{"status":"generated","div":"<div xmlns=\"http://www.w3.org/1999/xhtml\" xml:lang=\"pt-BR\" lang=\"pt-BR\"><p class=\"res-header-id\"><b>Narrativa gerada: CodeSystem BRDose</b></p><a name=\"BRDose\"> </a><a name=\"hcBRDose\"> </a><div style=\"display: inline-block; background-color: #d9e0e7; padding: 6px; margin: 4px; border: 1px solid #8da1b4; border-radius: 5px; line-height: 60%\"><p style=\"margin-bottom: 0px\">Língua: pt-BR</p></div><p>Este case-sensitive sistema de código <code>http://www.saude.gov.br/fhir/r4/CodeSystem/BRDose</code> define o seguinte códigos:</p><table class=\"codes\"><tr><td style=\"white-space:nowrap\"><b>Código</b></td><td><b>Ecrã</b></td><td><b>Definição</b></td></tr><tr><td style=\"white-space:nowrap\">1<a name=\"BRDose-1\"> </a></td><td>1ª Dose</td><td>D1</td></tr><tr><td style=\"white-space:nowrap\">2<a name=\"BRDose-2\"> </a></td><td>2ª Dose</td><td>D2</td></tr><tr><td style=\"white-space:nowrap\">3<a name=\"BRDose-3\"> </a></td><td>3ª Dose</td><td>D3</td></tr><tr><td style=\"white-space:nowrap\">4<a name=\"BRDose-4\"> </a></td><td>4ª Dose</td><td>D4</td></tr><tr><td style=\"white-space:nowrap\">5<a name=\"BRDose-5\"> </a></td><td>5ª Dose</td><td>D5</td></tr><tr><td style=\"white-space:nowrap\">6<a name=\"BRDose-6\"> </a></td><td>1º Reforço</td><td>R1</td></tr><tr><td style=\"white-space:nowrap\">7<a name=\"BRDose-7\"> </a></td><td>2º Reforço</td><td>R2</td></tr><tr><td style=\"white-space:nowrap\">8<a name=\"BRDose-8\"> </a></td><td>Dose</td><td>D</td></tr><tr><td style=\"white-space:nowrap\">9<a name=\"BRDose-9\"> </a></td><td>Única</td><td>DU</td></tr><tr><td style=\"white-space:nowrap\">10<a name=\"BRDose-10\"> </a></td><td>Revacinação</td><td>REV</td></tr><tr><td style=\"white-space:nowrap\">11<a name=\"BRDose-11\"> </a></td><td>Tratamento com uma dose</td><td>T1</td></tr><tr><td style=\"white-space:nowrap\">12<a name=\"BRDose-12\"> </a></td><td>Tratamento com duas doses</td><td>T2</td></tr><tr><td style=\"white-space:nowrap\">13<a name=\"BRDose-13\"> </a></td><td>Tratamento com três doses</td><td>T3</td></tr><tr><td style=\"white-space:nowrap\">14<a name=\"BRDose-14\"> </a></td><td>Tratamento com quatro doses</td><td>T4</td></tr><tr><td style=\"white-space:nowrap\">15<a name=\"BRDose-15\"> </a></td><td>Tratamento com cinco doses</td><td>T5</td></tr><tr><td style=\"white-space:nowrap\">16<a name=\"BRDose-16\"> </a></td><td>Tratamento com seis doses</td><td>T6</td></tr><tr><td style=\"white-space:nowrap\">17<a name=\"BRDose-17\"> </a></td><td>Tratamento com sete doses</td><td>T7</td></tr><tr><td style=\"white-space:nowrap\">18<a name=\"BRDose-18\"> </a></td><td>Tratamento com oito doses</td><td>T8</td></tr><tr><td style=\"white-space:nowrap\">19<a name=\"BRDose-19\"> </a></td><td>Tratamento com nove doses</td><td>T9</td></tr><tr><td style=\"white-space:nowrap\">20<a name=\"BRDose-20\"> </a></td><td>Tratamento com dez doses</td><td>T10</td></tr><tr><td style=\"white-space:nowrap\">21<a name=\"BRDose-21\"> </a></td><td>Tratamento com onze doses</td><td>T11</td></tr><tr><td style=\"white-space:nowrap\">22<a name=\"BRDose-22\"> </a></td><td>Tratamento com doze doses</td><td>T12</td></tr><tr><td style=\"white-space:nowrap\">23<a name=\"BRDose-23\"> </a></td><td>Tratamento com treze doses</td><td>T13</td></tr><tr><td style=\"white-space:nowrap\">24<a name=\"BRDose-24\"> </a></td><td>Tratamento com quartorze doses</td><td>T14</td></tr><tr><td style=\"white-space:nowrap\">25<a name=\"BRDose-25\"> </a></td><td>Tratamento com quinze doses</td><td>T15</td></tr><tr><td style=\"white-space:nowrap\">26<a name=\"BRDose-26\"> </a></td><td>Tratamento com dezesseis doses</td><td>T16</td></tr><tr><td style=\"white-space:nowrap\">27<a name=\"BRDose-27\"> </a></td><td>Tratamento com dezessete doses</td><td>T17</td></tr><tr><td style=\"white-space:nowrap\">28<a name=\"BRDose-28\"> </a></td><td>Tratamento com dezoito doses</td><td>T18</td></tr><tr><td style=\"white-space:nowrap\">29<a name=\"BRDose-29\"> </a></td><td>Tratamento com dezenove doses</td><td>T19</td></tr><tr><td style=\"white-space:nowrap\">30<a name=\"BRDose-30\"> </a></td><td>Tratamento com vinte doses</td><td>T20</td></tr><tr><td style=\"white-space:nowrap\">31<a name=\"BRDose-31\"> </a></td><td>Tratamento com vinte e quatro doses</td><td>T24</td></tr><tr><td style=\"white-space:nowrap\">32<a name=\"BRDose-32\"> </a></td><td>1ª Dose Revacinação</td><td>D1REV</td></tr><tr><td style=\"white-space:nowrap\">33<a name=\"BRDose-33\"> </a></td><td>2ª Dose Revacinação</td><td>D2REV</td></tr><tr><td style=\"white-space:nowrap\">34<a name=\"BRDose-34\"> </a></td><td>3ª Dose Revacinação</td><td>D3REV</td></tr><tr><td style=\"white-space:nowrap\">35<a name=\"BRDose-35\"> </a></td><td>4ª Dose Revacinação</td><td>D4REV</td></tr><tr><td style=\"white-space:nowrap\">36<a name=\"BRDose-36\"> </a></td><td>Dose Inicial</td><td>DI</td></tr><tr><td style=\"white-space:nowrap\">37<a name=\"BRDose-37\"> </a></td><td>Dose Adicional</td><td>DA</td></tr><tr><td style=\"white-space:nowrap\">38<a name=\"BRDose-38\"> </a></td><td>Reforço</td><td>REF</td></tr><tr><td style=\"white-space:nowrap\">39<a name=\"BRDose-39\"> </a></td><td>3º Reforço</td><td>R3</td></tr><tr><td style=\"white-space:nowrap\">40<a name=\"BRDose-40\"> </a></td><td>4º Reforço</td><td>R4</td></tr><tr><td style=\"white-space:nowrap\">41<a name=\"BRDose-41\"> </a></td><td>5º Reforço</td><td>R5</td></tr><tr><td style=\"white-space:nowrap\">42<a name=\"BRDose-42\"> </a></td><td>6º Reforço</td><td>R6</td></tr><tr><td style=\"white-space:nowrap\">43<a name=\"BRDose-43\"> </a></td><td>5ª Dose Revacinação</td><td>D5REV</td></tr><tr><td style=\"white-space:nowrap\">44<a name=\"BRDose-44\"> </a></td><td>1ª Dose Fracionada</td><td>D1F</td></tr><tr><td style=\"white-space:nowrap\">45<a name=\"BRDose-45\"> </a></td><td>2ª Dose Fracionada</td><td>D2F</td></tr><tr><td style=\"white-space:nowrap\">46<a name=\"BRDose-46\"> </a></td><td>3ª Dose Fracionada</td><td>D3F</td></tr><tr><td style=\"white-space:nowrap\">47<a name=\"BRDose-47\"> </a></td><td>4ª Dose Fracionada</td><td>D4F</td></tr><tr><td style=\"white-space:nowrap\">48<a name=\"BRDose-48\"> </a></td><td>5ª Dose Fracionada</td><td>D5F</td></tr><tr><td style=\"white-space:nowrap\">49<a name=\"BRDose-49\"> </a></td><td>1ª Dose Dobrada</td><td>D1D</td></tr><tr><td style=\"white-space:nowrap\">50<a name=\"BRDose-50\"> </a></td><td>2ª Dose Dobrada</td><td>D2D</td></tr><tr><td style=\"white-space:nowrap\">51<a name=\"BRDose-51\"> </a></td><td>3ª Dose Dobrada</td><td>D3D</td></tr><tr><td style=\"white-space:nowrap\">52<a name=\"BRDose-52\"> </a></td><td>4ª Dose Dobrada</td><td>D4D</td></tr><tr><td style=\"white-space:nowrap\">53<a name=\"BRDose-53\"> </a></td><td>1ª Dose Revacinação Dobrada</td><td>D1REVD</td></tr><tr><td style=\"white-space:nowrap\">54<a name=\"BRDose-54\"> </a></td><td>2ª Dose Revacinação Dobrada</td><td>D2REVD</td></tr><tr><td style=\"white-space:nowrap\">55<a name=\"BRDose-55\"> </a></td><td>3ª Dose Revacinação Dobrada</td><td>D3REVD</td></tr><tr><td style=\"white-space:nowrap\">56<a name=\"BRDose-56\"> </a></td><td>4ª Dose Revacinação Dobrada</td><td>D4REVD</td></tr><tr><td style=\"white-space:nowrap\">57<a name=\"BRDose-57\"> </a></td><td>Dose Zero</td><td>D0</td></tr><tr><td style=\"white-space:nowrap\">58<a name=\"BRDose-58\"> </a></td><td>Reforço Zero</td><td>R0</td></tr><tr><td style=\"white-space:nowrap\">59<a name=\"BRDose-59\"> </a></td><td>Profilaxia/Tratamento com 1 frasco-ampola/ampola</td><td>P/T1</td></tr><tr><td style=\"white-space:nowrap\">60<a name=\"BRDose-60\"> </a></td><td>Profilaxia/Tratamento com 2 frascos-ampolas/ampolas</td><td>P/T2</td></tr><tr><td style=\"white-space:nowrap\">61<a name=\"BRDose-61\"> </a></td><td>Profilaxia/Tratamento com 3 frascos-ampolas/ampolas</td><td>P/T3</td></tr><tr><td style=\"white-space:nowrap\">62<a name=\"BRDose-62\"> </a></td><td>Profilaxia/Tratamento com 4 frascos-ampolas/ampolas</td><td>P/T4</td></tr><tr><td style=\"white-space:nowrap\">63<a name=\"BRDose-63\"> </a></td><td>Profilaxia/Tratamento com 5 frascos-ampolas/ampolas</td><td>P/T5</td></tr><tr><td style=\"white-space:nowrap\">64<a name=\"BRDose-64\"> </a></td><td>Profilaxia/Tratamento com 6 frascos-ampolas/ampolas</td><td>P/T6</td></tr><tr><td style=\"white-space:nowrap\">65<a name=\"BRDose-65\"> </a></td><td>Profilaxia/Tratamento com 7 frascos-ampolas/ampolas</td><td>P/T7</td></tr><tr><td style=\"white-space:nowrap\">66<a name=\"BRDose-66\"> </a></td><td>Profilaxia/Tratamento com 8 frascos-ampolas/ampolas</td><td>P/T8</td></tr><tr><td style=\"white-space:nowrap\">67<a name=\"BRDose-67\"> </a></td><td>Profilaxia/Tratamento com 9 frascos-ampolas/ampolas</td><td>P/T9</td></tr><tr><td style=\"white-space:nowrap\">68<a name=\"BRDose-68\"> </a></td><td>Profilaxia/Tratamento com 10 frascos-ampolas/ampolas</td><td>P/T10</td></tr><tr><td style=\"white-space:nowrap\">69<a name=\"BRDose-69\"> </a></td><td>Profilaxia/Tratamento com 11 frascos-ampolas/ampolas</td><td>P/T11</td></tr><tr><td style=\"white-space:nowrap\">70<a name=\"BRDose-70\"> </a></td><td>Profilaxia/Tratamento com 12 frascos-ampolas/ampolas</td><td>P/T12</td></tr><tr><td style=\"white-space:nowrap\">71<a name=\"BRDose-71\"> </a></td><td>Profilaxia/Tratamento com 13 frascos-ampolas/ampolas</td><td>P/T13</td></tr><tr><td style=\"white-space:nowrap\">72<a name=\"BRDose-72\"> </a></td><td>Profilaxia/Tratamento com 14 frascos-ampolas/ampolas</td><td>P/T14</td></tr><tr><td style=\"white-space:nowrap\">73<a name=\"BRDose-73\"> </a></td><td>Profilaxia/Tratamento com 15 frascos-ampolas/ampolas</td><td>P/T15</td></tr><tr><td style=\"white-space:nowrap\">74<a name=\"BRDose-74\"> </a></td><td>Profilaxia/Tratamento com 16 frascos-ampolas/ampolas</td><td>P/T16</td></tr><tr><td style=\"white-space:nowrap\">75<a name=\"BRDose-75\"> </a></td><td>Profilaxia/Tratamento com 17 frascos-ampolas/ampolas</td><td>P/T17</td></tr><tr><td style=\"white-space:nowrap\">76<a name=\"BRDose-76\"> </a></td><td>Profilaxia/Tratamento com 18 frascos-ampolas/ampolas</td><td>P/T18</td></tr><tr><td style=\"white-space:nowrap\">77<a name=\"BRDose-77\"> </a></td><td>Profilaxia/Tratamento com 19 frascos-ampolas/ampolas</td><td>P/T19</td></tr><tr><td style=\"white-space:nowrap\">78<a name=\"BRDose-78\"> </a></td><td>Profilaxia/Tratamento com 20 frascos-ampolas/ampolas</td><td>P/T20</td></tr><tr><td style=\"white-space:nowrap\">79<a name=\"BRDose-79\"> </a></td><td>Profilaxia/Tratamento com 21 frascos-ampolas/ampolas</td><td>P/T21</td></tr><tr><td style=\"white-space:nowrap\">80<a name=\"BRDose-80\"> </a></td><td>Profilaxia/Tratamento com 22 frascos-ampolas/ampolas</td><td>P/T22</td></tr><tr><td style=\"white-space:nowrap\">81<a name=\"BRDose-81\"> </a></td><td>Profilaxia/Tratamento com 23 frascos-ampolas/ampolas</td><td>P/T23</td></tr><tr><td style=\"white-space:nowrap\">82<a name=\"BRDose-82\"> </a></td><td>Profilaxia/Tratamento com 24 frascos-ampolas/ampolas</td><td>P/T24</td></tr></table><p><b>Ecrãs de idiomas adicionais</b></p><table class=\"codes\"><tr><td><b>Código</b></td><td><b>English (English, en)</b></td><td><b>Spanish (es)</b></td></tr><tr><td>1</td><td>First dose</td><td>Primera dosis</td></tr><tr><td>2</td><td>Second dose</td><td>Segunda dosis</td></tr><tr><td>3</td><td>Third dose</td><td>Tercera dosis</td></tr><tr><td>4</td><td>Fourth dose</td><td>Cuarta dosis</td></tr><tr><td>5</td><td>Fifth dose</td><td>Quinta dosis</td></tr><tr><td>6</td><td>First booster dose</td><td>Primer refuerzo</td></tr><tr><td>7</td><td>Second booster dose</td><td>Segundo refuerzo</td></tr><tr><td>8</td><td>Dose</td><td>Dosis</td></tr><tr><td>9</td><td>Single dose</td><td>Dosis única</td></tr><tr><td>10</td><td>Revaccination</td><td>Revacunación</td></tr><tr><td>11</td><td>1 dose treatment</td><td>Tratamiento de 1 dosis</td></tr><tr><td>12</td><td>2 dose treatment</td><td>Tratamiento de 2 dosis</td></tr><tr><td>13</td><td>3 dose treatment</td><td>Tratamiento de 3 dosis</td></tr><tr><td>14</td><td>4 dose treatment</td><td>Tratamiento de 4 dosis</td></tr><tr><td>15</td><td>5 dose treatment</td><td>Tratamiento de 5 dosis</td></tr><tr><td>16</td><td>6 dose treatment</td><td>Tratamiento de 6 dosis</td></tr><tr><td>17</td><td>7 dose treatment</td><td>Tratamiento de 7 dosis</td></tr><tr><td>18</td><td>8 dose treatment</td><td>Tratamiento de 8 dosis</td></tr><tr><td>19</td><td>9 dose treatment</td><td>Tratamiento de 9 dosis</td></tr><tr><td>20</td><td>10 dose treatment</td><td>Tratamiento de 10 dosis</td></tr><tr><td>21</td><td>11 dose treatment</td><td>Tratamiento de 11 dosis</td></tr><tr><td>22</td><td>12 dose treatment</td><td>Tratamiento de 12 dosis</td></tr><tr><td>23</td><td>13 dose treatment</td><td>Tratamiento de 13 dosis</td></tr><tr><td>24</td><td>14 dose treatment</td><td>Tratamiento de 14 dosis</td></tr><tr><td>25</td><td>15 dose treatment</td><td>Tratamiento de 15 dosis</td></tr><tr><td>26</td><td>16 dose treatment</td><td>Tratamiento de 16 dosis</td></tr><tr><td>27</td><td>17 dose treatment</td><td>Tratamiento de 17 dosis</td></tr><tr><td>28</td><td>18 dose treatment</td><td>Tratamiento de 18 dosis</td></tr><tr><td>29</td><td>19 dose treatment</td><td>Tratamiento de 19 dosis</td></tr><tr><td>30</td><td>20 dose treatment</td><td>Tratamiento de 20 dosis</td></tr><tr><td>31</td><td>24 dose treatment</td><td>Tratamiento de 24 dosis</td></tr><tr><td>32</td><td>First dose revaccinacion</td><td>Primera dosis revacunación</td></tr><tr><td>33</td><td>Second dose revaccinacion</td><td>Segunda dosis revacunación</td></tr><tr><td>34</td><td>Third dose revaccinacion</td><td>Tecera dosis revacunación</td></tr><tr><td>35</td><td>Fourth dose revaccinacion</td><td>Cuarta dosis revacunación</td></tr><tr><td>36</td><td>Initial dose</td><td>Dosis inicial</td></tr><tr><td>37</td><td>Additional dose</td><td>Dosis adicional</td></tr><tr><td>38</td><td>Booster</td><td>Refuerzo</td></tr><tr><td>39</td><td>Third booster dose</td><td>Tercer refuerzo</td></tr><tr><td>40</td><td>Fourth booster dose</td><td>Cuarto refuerzo</td></tr><tr><td>41</td><td>Fifth booster dose</td><td>Quinto refuerzo</td></tr><tr><td>42</td><td>Sixth booster dose</td><td>Sexto refuerzo</td></tr><tr><td>43</td><td>Fifth dose revaccinacion</td><td>Quinta dosis revacunación</td></tr><tr><td>44</td><td>First fractional dose</td><td>Primera dosis fraccionada</td></tr><tr><td>45</td><td>Second fractional dose</td><td>Secunda dosis fraccionada</td></tr><tr><td>46</td><td>Third fractional dose</td><td>Tercera dosis fraccionada</td></tr><tr><td>47</td><td>Fourth fractional dose</td><td>Cuarta dosis fraccionada</td></tr><tr><td>48</td><td>Fifth fractional dose</td><td>Quinta dosis fraccionada</td></tr><tr><td>49</td><td>1st double dose</td><td>1ra dosis doble</td></tr><tr><td>50</td><td>2nd double dose</td><td>2da dosis doble</td></tr><tr><td>51</td><td>3rd double dose</td><td>3ra dosis doble</td></tr><tr><td>52</td><td>4th double dose</td><td>4ta dosis doble</td></tr><tr><td>53</td><td></td><td></td></tr><tr><td>54</td><td></td><td></td></tr><tr><td>55</td><td></td><td></td></tr><tr><td>56</td><td></td><td></td></tr><tr><td>57</td><td>Zero-dose</td><td>Dosis cero</td></tr><tr><td>58</td><td></td><td></td></tr><tr><td>59</td><td></td><td></td></tr><tr><td>60</td><td></td><td></td></tr><tr><td>61</td><td></td><td></td></tr><tr><td>62</td><td></td><td></td></tr><tr><td>63</td><td></td><td></td></tr><tr><td>64</td><td></td><td></td></tr><tr><td>65</td><td></td><td></td></tr><tr><td>66</td><td></td><td></td></tr><tr><td>67</td><td></td><td></td></tr><tr><td>68</td><td></td><td></td></tr><tr><td>69</td><td></td><td></td></tr><tr><td>70</td><td></td><td></td></tr><tr><td>71</td><td></td><td></td></tr><tr><td>72</td><td></td><td></td></tr><tr><td>73</td><td></td><td></td></tr><tr><td>74</td><td></td><td></td></tr><tr><td>75</td><td></td><td></td></tr><tr><td>76</td><td></td><td></td></tr><tr><td>77</td><td></td><td></td></tr><tr><td>78</td><td></td><td></td></tr><tr><td>79</td><td></td><td></td></tr><tr><td>80</td><td></td><td></td></tr><tr><td>81</td><td></td><td></td></tr><tr><td>82</td><td></td><td></td></tr></table></div>"},"extension":[{"url":"http://hl7.org/fhir/StructureDefinition/structuredefinition-fmm","valueInteger":1,"_valueInteger":{"extension":[{"url":"http://hl7.org/fhir/StructureDefinition/structuredefinition-conformance-derivedFrom","valueCanonical":"http://www.saude.gov.br/fhir/r4/ImplementationGuide/br.gov.saude.ria.fhir"}]}},{"url":"http://hl7.org/fhir/StructureDefinition/structuredefinition-standards-status","valueCode":"informative","_valueCode":{"extension":[{"url":"http://hl7.org/fhir/StructureDefinition/structuredefinition-conformance-derivedFrom","valueCanonical":"http://www.saude.gov.br/fhir/r4/ImplementationGuide/br.gov.saude.ria.fhir"}]}}],"url":"http://www.saude.gov.br/fhir/r4/CodeSystem/BRDose","version":"0.1.0","name":"BRDose","title":"Dose de Vacina","status":"active","experimental":false,"date":"2020-01-06T18:23:38.3705+00:00","publisher":"Ministério da Saúde do Brasil","contact":[{"telecom":[{"system":"url","value":"http://www.saude.gov.br"}]}],"description":"Define a dose da administração de uma substância.","jurisdiction":[{"coding":[{"system":"urn:iso:std:iso:3166","code":"BR"}]}],"caseSensitive":true,"content":"complete","concept":[{"code":"1","display":"1ª Dose","definition":"D1","designation":[{"language":"en","value":"First dose"},{"language":"es","value":"Primera dosis"},{"language":"pt-BR","use":{"system":"http://terminology.hl7.org/CodeSystem/designation-usage","code":"display"},"value":"1ª Dose"}]},{"code":"2","display":"2ª Dose","definition":"D2","designation":[{"language":"en","value":"Second dose"},{"language":"es","value":"Segunda dosis"},{"language":"pt-BR","use":{"system":"http://terminology.hl7.org/CodeSystem/designation-usage","code":"display"},"value":"2ª Dose"}]},{"code":"3","display":"3ª Dose","definition":"D3","designation":[{"language":"en","value":"Third dose"},{"language":"es","value":"Tercera dosis"},{"language":"pt-BR","use":{"system":"http://terminology.hl7.org/CodeSystem/designation-usage","code":"display"},"value":"3ª Dose"}]},{"code":"4","display":"4ª Dose","definition":"D4","designation":[{"language":"en","value":"Fourth dose"},{"language":"es","value":"Cuarta dosis"},{"language":"pt-BR","use":{"system":"http://terminology.hl7.org/CodeSystem/designation-usage","code":"display"},"value":"4ª Dose"}]},{"code":"5","display":"5ª Dose","definition":"D5","designation":[{"language":"en","value":"Fifth dose"},{"language":"es","value":"Quinta dosis"},{"language":"pt-BR","use":{"system":"http://terminology.hl7.org/CodeSystem/designation-usage","code":"display"},"value":"5ª Dose"}]},{"code":"6","display":"1º Reforço","definition":"R1","designation":[{"language":"en","value":"First booster dose"},{"language":"es","value":"Primer refuerzo"},{"language":"pt-BR","use":{"system":"http://terminology.hl7.org/CodeSystem/designation-usage","code":"display"},"value":"1º Reforço"}]},{"code":"7","display":"2º Reforço","definition":"R2","designation":[{"language":"en","value":"Second booster dose"},{"language":"es","value":"Segundo refuerzo"},{"language":"pt-BR","use":{"system":"http://terminology.hl7.org/CodeSystem/designation-usage","code":"display"},"value":"2º Reforço"}]},{"code":"8","display":"Dose","definition":"D","designation":[{"language":"en","value":"Dose"},{"language":"es","value":"Dosis"},{"language":"pt-BR","use":{"system":"http://terminology.hl7.org/CodeSystem/designation-usage","code":"display"},"value":"Dose"}]},{"code":"9","display":"Única","definition":"DU","designation":[{"language":"en","value":"Single dose"},{"language":"es","value":"Dosis única"},{"language":"pt-BR","use":{"system":"http://terminology.hl7.org/CodeSystem/designation-usage","code":"display"},"value":"Única"}]},{"code":"10","display":"Revacinação","definition":"REV","designation":[{"language":"en","value":"Revaccination"},{"language":"es","value":"Revacunación"},{"language":"pt-BR","use":{"system":"http://terminology.hl7.org/CodeSystem/designation-usage","code":"display"},"value":"Revacinação"}]},{"code":"11","display":"Tratamento com uma dose","definition":"T1","designation":[{"language":"en","value":"1 dose treatment"},{"language":"es","value":"Tratamiento de 1 dosis"},{"language":"pt-BR","use":{"system":"http://terminology.hl7.org/CodeSystem/designation-usage","code":"display"},"value":"Tratamento com uma dose"}]},{"code":"12","display":"Tratamento com duas doses","definition":"T2","designation":[{"language":"en","value":"2 dose treatment"},{"language":"es","value":"Tratamiento de 2 dosis"},{"language":"pt-BR","use":{"system":"http://terminology.hl7.org/CodeSystem/designation-usage","code":"display"},"value":"Tratamento com duas doses"}]},{"code":"13","display":"Tratamento com três doses","definition":"T3","designation":[{"language":"en","value":"3 dose treatment"},{"language":"es","value":"Tratamiento de 3 dosis"},{"language":"pt-BR","use":{"system":"http://terminology.hl7.org/CodeSystem/designation-usage","code":"display"},"value":"Tratamento com três doses"}]},{"code":"14","display":"Tratamento com quatro doses","definition":"T4","designation":[{"language":"en","value":"4 dose treatment"},{"language":"es","value":"Tratamiento de 4 dosis"},{"language":"pt-BR","use":{"system":"http://terminology.hl7.org/CodeSystem/designation-usage","code":"display"},"value":"Tratamento com quatro doses"}]},{"code":"15","display":"Tratamento com cinco doses","definition":"T5","designation":[{"language":"en","value":"5 dose treatment"},{"language":"es","value":"Tratamiento de 5 dosis"},{"language":"pt-BR","use":{"system":"http://terminology.hl7.org/CodeSystem/designation-usage","code":"display"},"value":"Tratamento com cinco doses"}]},{"code":"16","display":"Tratamento com seis doses","definition":"T6","designation":[{"language":"en","value":"6 dose treatment"},{"language":"es","value":"Tratamiento de 6 dosis"},{"language":"pt-BR","use":{"system":"http://terminology.hl7.org/CodeSystem/designation-usage","code":"display"},"value":"Tratamento com seis doses"}]},{"code":"17","display":"Tratamento com sete doses","definition":"T7","designation":[{"language":"en","value":"7 dose treatment"},{"language":"es","value":"Tratamiento de 7 dosis"},{"language":"pt-BR","use":{"system":"http://terminology.hl7.org/CodeSystem/designation-usage","code":"display"},"value":"Tratamento com sete doses"}]},{"code":"18","display":"Tratamento com oito doses","definition":"T8","designation":[{"language":"en","value":"8 dose treatment"},{"language":"es","value":"Tratamiento de 8 dosis"},{"language":"pt-BR","use":{"system":"http://terminology.hl7.org/CodeSystem/designation-usage","code":"display"},"value":"Tratamento com oito doses"}]},{"code":"19","display":"Tratamento com nove doses","definition":"T9","designation":[{"language":"en","value":"9 dose treatment"},{"language":"es","value":"Tratamiento de 9 dosis"},{"language":"pt-BR","use":{"system":"http://terminology.hl7.org/CodeSystem/designation-usage","code":"display"},"value":"Tratamento com nove doses"}]},{"code":"20","display":"Tratamento com dez doses","definition":"T10","designation":[{"language":"en","value":"10 dose treatment"},{"language":"es","value":"Tratamiento de 10 dosis"},{"language":"pt-BR","use":{"system":"http://terminology.hl7.org/CodeSystem/designation-usage","code":"display"},"value":"Tratamento com dez doses"}]},{"code":"21","display":"Tratamento com onze doses","definition":"T11","designation":[{"language":"en","value":"11 dose treatment"},{"language":"es","value":"Tratamiento de 11 dosis"},{"language":"pt-BR","use":{"system":"http://terminology.hl7.org/CodeSystem/designation-usage","code":"display"},"value":"Tratamento com onze doses"}]},{"code":"22","display":"Tratamento com doze doses","definition":"T12","designation":[{"language":"en","value":"12 dose treatment"},{"language":"es","value":"Tratamiento de 12 dosis"},{"language":"pt-BR","use":{"system":"http://terminology.hl7.org/CodeSystem/designation-usage","code":"display"},"value":"Tratamento com doze doses"}]},{"code":"23","display":"Tratamento com treze doses","definition":"T13","designation":[{"language":"en","value":"13 dose treatment"},{"language":"es","value":"Tratamiento de 13 dosis"},{"language":"pt-BR","use":{"system":"http://terminology.hl7.org/CodeSystem/designation-usage","code":"display"},"value":"Tratamento com treze doses"}]},{"code":"24","display":"Tratamento com quartorze doses","definition":"T14","designation":[{"language":"en","value":"14 dose treatment"},{"language":"es","value":"Tratamiento de 14 dosis"},{"language":"pt-BR","use":{"system":"http://terminology.hl7.org/CodeSystem/designation-usage","code":"display"},"value":"Tratamento com quartorze doses"}]},{"code":"25","display":"Tratamento com quinze doses","definition":"T15","designation":[{"language":"en","value":"15 dose treatment"},{"language":"es","value":"Tratamiento de 15 dosis"},{"language":"pt-BR","use":{"system":"http://terminology.hl7.org/CodeSystem/designation-usage","code":"display"},"value":"Tratamento com quinze doses"}]},{"code":"26","display":"Tratamento com dezesseis doses","definition":"T16","designation":[{"language":"en","value":"16 dose treatment"},{"language":"es","value":"Tratamiento de 16 dosis"},{"language":"pt-BR","use":{"system":"http://terminology.hl7.org/CodeSystem/designation-usage","code":"display"},"value":"Tratamento com dezesseis doses"}]},{"code":"27","display":"Tratamento com dezessete doses","definition":"T17","designation":[{"language":"en","value":"17 dose treatment"},{"language":"es","value":"Tratamiento de 17 dosis"},{"language":"pt-BR","use":{"system":"http://terminology.hl7.org/CodeSystem/designation-usage","code":"display"},"value":"Tratamento com dezessete doses"}]},{"code":"28","display":"Tratamento com dezoito doses","definition":"T18","designation":[{"language":"en","value":"18 dose treatment"},{"language":"es","value":"Tratamiento de 18 dosis"},{"language":"pt-BR","use":{"system":"http://terminology.hl7.org/CodeSystem/designation-usage","code":"display"},"value":"Tratamento com dezoito doses"}]},{"code":"29","display":"Tratamento com dezenove doses","definition":"T19","designation":[{"language":"en","value":"19 dose treatment"},{"language":"es","value":"Tratamiento de 19 dosis"},{"language":"pt-BR","use":{"system":"http://terminology.hl7.org/CodeSystem/designation-usage","code":"display"},"value":"Tratamento com dezenove doses"}]},{"code":"30","display":"Tratamento com vinte doses","definition":"T20","designation":[{"language":"en","value":"20 dose treatment"},{"language":"es","value":"Tratamiento de 20 dosis"},{"language":"pt-BR","use":{"system":"http://terminology.hl7.org/CodeSystem/designation-usage","code":"display"},"value":"Tratamento com vinte doses"}]},{"code":"31","display":"Tratamento com vinte e quatro doses","definition":"T24","designation":[{"language":"en","value":"24 dose treatment"},{"language":"es","value":"Tratamiento de 24 dosis"},{"language":"pt-BR","use":{"system":"http://terminology.hl7.org/CodeSystem/designation-usage","code":"display"},"value":"Tratamento com vinte e quatro doses"}]},{"code":"32","display":"1ª Dose Revacinação","definition":"D1REV","designation":[{"language":"en","value":"First dose revaccinacion"},{"language":"es","value":"Primera dosis revacunación"},{"language":"pt-BR","use":{"system":"http://terminology.hl7.org/CodeSystem/designation-usage","code":"display"},"value":"1ª Dose Revacinação"}]},{"code":"33","display":"2ª Dose Revacinação","definition":"D2REV","designation":[{"language":"en","value":"Second dose revaccinacion"},{"language":"es","value":"Segunda dosis revacunación"},{"language":"pt-BR","use":{"system":"http://terminology.hl7.org/CodeSystem/designation-usage","code":"display"},"value":"2ª Dose Revacinação"}]},{"code":"34","display":"3ª Dose Revacinação","definition":"D3REV","designation":[{"language":"en","value":"Third dose revaccinacion"},{"language":"es","value":"Tecera dosis revacunación"},{"language":"pt-BR","use":{"system":"http://terminology.hl7.org/CodeSystem/designation-usage","code":"display"},"value":"3ª Dose Revacinação"}]},{"code":"35","display":"4ª Dose Revacinação","definition":"D4REV","designation":[{"language":"en","value":"Fourth dose revaccinacion"},{"language":"es","value":"Cuarta dosis revacunación"},{"language":"pt-BR","use":{"system":"http://terminology.hl7.org/CodeSystem/designation-usage","code":"display"},"value":"4ª Dose Revacinação"}]},{"code":"36","display":"Dose Inicial","definition":"DI","designation":[{"language":"en","value":"Initial dose"},{"language":"es","value":"Dosis inicial"},{"language":"pt-BR","use":{"system":"http://terminology.hl7.org/CodeSystem/designation-usage","code":"display"},"value":"Dose Inicial"}]},{"code":"37","display":"Dose Adicional","definition":"DA","designation":[{"language":"en","value":"Additional dose"},{"language":"es","value":"Dosis adicional"},{"language":"pt-BR","use":{"system":"http://terminology.hl7.org/CodeSystem/designation-usage","code":"display"},"value":"Dose Adicional"}]},{"code":"38","display":"Reforço","definition":"REF","designation":[{"language":"en","value":"Booster"},{"language":"es","value":"Refuerzo"},{"language":"pt-BR","use":{"system":"http://terminology.hl7.org/CodeSystem/designation-usage","code":"display"},"value":"Reforço"}]},{"code":"39","display":"3º Reforço","definition":"R3","designation":[{"language":"en","value":"Third booster dose"},{"language":"es","value":"Tercer refuerzo"},{"language":"pt-BR","use":{"system":"http://terminology.hl7.org/CodeSystem/designation-usage","code":"display"},"value":"3º Reforço"}]},{"code":"40","display":"4º Reforço","definition":"R4","designation":[{"language":"en","value":"Fourth booster dose"},{"language":"es","value":"Cuarto refuerzo"},{"language":"pt-BR","use":{"system":"http://terminology.hl7.org/CodeSystem/designation-usage","code":"display"},"value":"4º Reforço"}]},{"code":"41","display":"5º Reforço","definition":"R5","designation":[{"language":"en","value":"Fifth booster dose"},{"language":"es","value":"Quinto refuerzo"},{"language":"pt-BR","use":{"system":"http://terminology.hl7.org/CodeSystem/designation-usage","code":"display"},"value":"5º Reforço"}]},{"code":"42","display":"6º Reforço","definition":"R6","designation":[{"language":"en","value":"Sixth booster dose"},{"language":"es","value":"Sexto refuerzo"},{"language":"pt-BR","use":{"system":"http://terminology.hl7.org/CodeSystem/designation-usage","code":"display"},"value":"6º Reforço"}]},{"code":"43","display":"5ª Dose Revacinação","definition":"D5REV","designation":[{"language":"en","value":"Fifth dose revaccinacion"},{"language":"es","value":"Quinta dosis revacunación"},{"language":"pt-BR","use":{"system":"http://terminology.hl7.org/CodeSystem/designation-usage","code":"display"},"value":"5ª Dose Revacinação"}]},{"code":"44","display":"1ª Dose Fracionada","definition":"D1F","designation":[{"language":"en","value":"First fractional dose"},{"language":"es","value":"Primera dosis fraccionada"},{"language":"pt-BR","use":{"system":"http://terminology.hl7.org/CodeSystem/designation-usage","code":"display"},"value":"1ª Dose Fracionada"}]},{"code":"45","display":"2ª Dose Fracionada","definition":"D2F","designation":[{"language":"en","value":"Second fractional dose"},{"language":"es","value":"Secunda dosis fraccionada"},{"language":"pt-BR","use":{"system":"http://terminology.hl7.org/CodeSystem/designation-usage","code":"display"},"value":"2ª Dose Fracionada"}]},{"code":"46","display":"3ª Dose Fracionada","definition":"D3F","designation":[{"language":"en","value":"Third fractional dose"},{"language":"es","value":"Tercera dosis fraccionada"},{"language":"pt-BR","use":{"system":"http://terminology.hl7.org/CodeSystem/designation-usage","code":"display"},"value":"3ª Dose Fracionada"}]},{"code":"47","display":"4ª Dose Fracionada","definition":"D4F","designation":[{"language":"en","value":"Fourth fractional dose"},{"language":"es","value":"Cuarta dosis fraccionada"},{"language":"pt-BR","use":{"system":"http://terminology.hl7.org/CodeSystem/designation-usage","code":"display"},"value":"4ª Dose Fracionada"}]},{"code":"48","display":"5ª Dose Fracionada","definition":"D5F","designation":[{"language":"en","value":"Fifth fractional dose"},{"language":"es","value":"Quinta dosis fraccionada"},{"language":"pt-BR","use":{"system":"http://terminology.hl7.org/CodeSystem/designation-usage","code":"display"},"value":"5ª Dose Fracionada"}]},{"code":"49","display":"1ª Dose Dobrada","definition":"D1D","designation":[{"language":"en","value":"1st double dose"},{"language":"es","value":"1ra dosis doble"},{"language":"pt-BR","use":{"system":"http://terminology.hl7.org/CodeSystem/designation-usage","code":"display"},"value":"1ª Dose Dobrada"}]},{"code":"50","display":"2ª Dose Dobrada","definition":"D2D","designation":[{"language":"en","value":"2nd double dose"},{"language":"es","value":"2da dosis doble"},{"language":"pt-BR","use":{"system":"http://terminology.hl7.org/CodeSystem/designation-usage","code":"display"},"value":"2ª Dose Dobrada"}]},{"code":"51","display":"3ª Dose Dobrada","definition":"D3D","designation":[{"language":"en","value":"3rd double dose"},{"language":"es","value":"3ra dosis doble"},{"language":"pt-BR","use":{"system":"http://terminology.hl7.org/CodeSystem/designation-usage","code":"display"},"value":"3ª Dose Dobrada"}]},{"code":"52","display":"4ª Dose Dobrada","definition":"D4D","designation":[{"language":"en","value":"4th double dose"},{"language":"es","value":"4ta dosis doble"},{"language":"pt-BR","use":{"system":"http://terminology.hl7.org/CodeSystem/designation-usage","code":"display"},"value":"4ª Dose Dobrada"}]},{"code":"53","display":"1ª Dose Revacinação Dobrada","definition":"D1REVD","designation":[{"language":"pt-BR","use":{"system":"http://terminology.hl7.org/CodeSystem/designation-usage","code":"display"},"value":"1ª Dose Revacinação Dobrada"}]},{"code":"54","display":"2ª Dose Revacinação Dobrada","definition":"D2REVD","designation":[{"language":"pt-BR","use":{"system":"http://terminology.hl7.org/CodeSystem/designation-usage","code":"display"},"value":"2ª Dose Revacinação Dobrada"}]},{"code":"55","display":"3ª Dose Revacinação Dobrada","definition":"D3REVD","designation":[{"language":"pt-BR","use":{"system":"http://terminology.hl7.org/CodeSystem/designation-usage","code":"display"},"value":"3ª Dose Revacinação Dobrada"}]},{"code":"56","display":"4ª Dose Revacinação Dobrada","definition":"D4REVD","designation":[{"language":"pt-BR","use":{"system":"http://terminology.hl7.org/CodeSystem/designation-usage","code":"display"},"value":"4ª Dose Revacinação Dobrada"}]},{"code":"57","display":"Dose Zero","definition":"D0","designation":[{"language":"en","value":"Zero-dose"},{"language":"es","value":"Dosis cero"},{"language":"pt-BR","use":{"system":"http://terminology.hl7.org/CodeSystem/designation-usage","code":"display"},"value":"Dose Zero"}]},{"code":"58","display":"Reforço Zero","definition":"R0","designation":[{"language":"pt-BR","use":{"system":"http://terminology.hl7.org/CodeSystem/designation-usage","code":"display"},"value":"Reforço Zero"}]},{"code":"59","display":"Profilaxia/Tratamento com 1 frasco-ampola/ampola","definition":"P/T1","designation":[{"language":"pt-BR","use":{"system":"http://terminology.hl7.org/CodeSystem/designation-usage","code":"display"},"value":"Profilaxia/Tratamento com 1 frasco-ampola/ampola"}]},{"code":"60","display":"Profilaxia/Tratamento com 2 frascos-ampolas/ampolas","definition":"P/T2","designation":[{"language":"pt-BR","use":{"system":"http://terminology.hl7.org/CodeSystem/designation-usage","code":"display"},"value":"Profilaxia/Tratamento com 2 frascos-ampolas/ampolas"}]},{"code":"61","display":"Profilaxia/Tratamento com 3 frascos-ampolas/ampolas","definition":"P/T3","designation":[{"language":"pt-BR","use":{"system":"http://terminology.hl7.org/CodeSystem/designation-usage","code":"display"},"value":"Profilaxia/Tratamento com 3 frascos-ampolas/ampolas"}]},{"code":"62","display":"Profilaxia/Tratamento com 4 frascos-ampolas/ampolas","definition":"P/T4","designation":[{"language":"pt-BR","use":{"system":"http://terminology.hl7.org/CodeSystem/designation-usage","code":"display"},"value":"Profilaxia/Tratamento com 4 frascos-ampolas/ampolas"}]},{"code":"63","display":"Profilaxia/Tratamento com 5 frascos-ampolas/ampolas","definition":"P/T5","designation":[{"language":"pt-BR","use":{"system":"http://terminology.hl7.org/CodeSystem/designation-usage","code":"display"},"value":"Profilaxia/Tratamento com 5 frascos-ampolas/ampolas"}]},{"code":"64","display":"Profilaxia/Tratamento com 6 frascos-ampolas/ampolas","definition":"P/T6","designation":[{"language":"pt-BR","use":{"system":"http://terminology.hl7.org/CodeSystem/designation-usage","code":"display"},"value":"Profilaxia/Tratamento com 6 frascos-ampolas/ampolas"}]},{"code":"65","display":"Profilaxia/Tratamento com 7 frascos-ampolas/ampolas","definition":"P/T7","designation":[{"language":"pt-BR","use":{"system":"http://terminology.hl7.org/CodeSystem/designation-usage","code":"display"},"value":"Profilaxia/Tratamento com 7 frascos-ampolas/ampolas"}]},{"code":"66","display":"Profilaxia/Tratamento com 8 frascos-ampolas/ampolas","definition":"P/T8","designation":[{"language":"pt-BR","use":{"system":"http://terminology.hl7.org/CodeSystem/designation-usage","code":"display"},"value":"Profilaxia/Tratamento com 8 frascos-ampolas/ampolas"}]},{"code":"67","display":"Profilaxia/Tratamento com 9 frascos-ampolas/ampolas","definition":"P/T9","designation":[{"language":"pt-BR","use":{"system":"http://terminology.hl7.org/CodeSystem/designation-usage","code":"display"},"value":"Profilaxia/Tratamento com 9 frascos-ampolas/ampolas"}]},{"code":"68","display":"Profilaxia/Tratamento com 10 frascos-ampolas/ampolas","definition":"P/T10","designation":[{"language":"pt-BR","use":{"system":"http://terminology.hl7.org/CodeSystem/designation-usage","code":"display"},"value":"Profilaxia/Tratamento com 10 frascos-ampolas/ampolas"}]},{"code":"69","display":"Profilaxia/Tratamento com 11 frascos-ampolas/ampolas","definition":"P/T11","designation":[{"language":"pt-BR","use":{"system":"http://terminology.hl7.org/CodeSystem/designation-usage","code":"display"},"value":"Profilaxia/Tratamento com 11 frascos-ampolas/ampolas"}]},{"code":"70","display":"Profilaxia/Tratamento com 12 frascos-ampolas/ampolas","definition":"P/T12","designation":[{"language":"pt-BR","use":{"system":"http://terminology.hl7.org/CodeSystem/designation-usage","code":"display"},"value":"Profilaxia/Tratamento com 12 frascos-ampolas/ampolas"}]},{"code":"71","display":"Profilaxia/Tratamento com 13 frascos-ampolas/ampolas","definition":"P/T13","designation":[{"language":"pt-BR","use":{"system":"http://terminology.hl7.org/CodeSystem/designation-usage","code":"display"},"value":"Profilaxia/Tratamento com 13 frascos-ampolas/ampolas"}]},{"code":"72","display":"Profilaxia/Tratamento com 14 frascos-ampolas/ampolas","definition":"P/T14","designation":[{"language":"pt-BR","use":{"system":"http://terminology.hl7.org/CodeSystem/designation-usage","code":"display"},"value":"Profilaxia/Tratamento com 14 frascos-ampolas/ampolas"}]},{"code":"73","display":"Profilaxia/Tratamento com 15 frascos-ampolas/ampolas","definition":"P/T15","designation":[{"language":"pt-BR","use":{"system":"http://terminology.hl7.org/CodeSystem/designation-usage","code":"display"},"value":"Profilaxia/Tratamento com 15 frascos-ampolas/ampolas"}]},{"code":"74","display":"Profilaxia/Tratamento com 16 frascos-ampolas/ampolas","definition":"P/T16","designation":[{"language":"pt-BR","use":{"system":"http://terminology.hl7.org/CodeSystem/designation-usage","code":"display"},"value":"Profilaxia/Tratamento com 16 frascos-ampolas/ampolas"}]},{"code":"75","display":"Profilaxia/Tratamento com 17 frascos-ampolas/ampolas","definition":"P/T17","designation":[{"language":"pt-BR","use":{"system":"http://terminology.hl7.org/CodeSystem/designation-usage","code":"display"},"value":"Profilaxia/Tratamento com 17 frascos-ampolas/ampolas"}]},{"code":"76","display":"Profilaxia/Tratamento com 18 frascos-ampolas/ampolas","definition":"P/T18","designation":[{"language":"pt-BR","use":{"system":"http://terminology.hl7.org/CodeSystem/designation-usage","code":"display"},"value":"Profilaxia/Tratamento com 18 frascos-ampolas/ampolas"}]},{"code":"77","display":"Profilaxia/Tratamento com 19 frascos-ampolas/ampolas","definition":"P/T19","designation":[{"language":"pt-BR","use":{"system":"http://terminology.hl7.org/CodeSystem/designation-usage","code":"display"},"value":"Profilaxia/Tratamento com 19 frascos-ampolas/ampolas"}]},{"code":"78","display":"Profilaxia/Tratamento com 20 frascos-ampolas/ampolas","definition":"P/T20","designation":[{"language":"pt-BR","use":{"system":"http://terminology.hl7.org/CodeSystem/designation-usage","code":"display"},"value":"Profilaxia/Tratamento com 20 frascos-ampolas/ampolas"}]},{"code":"79","display":"Profilaxia/Tratamento com 21 frascos-ampolas/ampolas","definition":"P/T21","designation":[{"language":"pt-BR","use":{"system":"http://terminology.hl7.org/CodeSystem/designation-usage","code":"display"},"value":"Profilaxia/Tratamento com 21 frascos-ampolas/ampolas"}]},{"code":"80","display":"Profilaxia/Tratamento com 22 frascos-ampolas/ampolas","definition":"P/T22","designation":[{"language":"pt-BR","use":{"system":"http://terminology.hl7.org/CodeSystem/designation-usage","code":"display"},"value":"Profilaxia/Tratamento com 22 frascos-ampolas/ampolas"}]},{"code":"81","display":"Profilaxia/Tratamento com 23 frascos-ampolas/ampolas","definition":"P/T23","designation":[{"language":"pt-BR","use":{"system":"http://terminology.hl7.org/CodeSystem/designation-usage","code":"display"},"value":"Profilaxia/Tratamento com 23 frascos-ampolas/ampolas"}]},{"code":"82","display":"Profilaxia/Tratamento com 24 frascos-ampolas/ampolas","definition":"P/T24","designation":[{"language":"pt-BR","use":{"system":"http://terminology.hl7.org/CodeSystem/designation-usage","code":"display"},"value":"Profilaxia/Tratamento com 24 frascos-ampolas/ampolas"}]}]}