{"resourceType":"CodeSystem","id":"BRRegistroOrigem","language":"pt-BR","text":{"status":"generated","div":"<div xmlns=\"http://www.w3.org/1999/xhtml\" xml:lang=\"pt-BR\" lang=\"pt-BR\"><p class=\"res-header-id\"><b>Generated Narrative: CodeSystem BRRegistroOrigem</b></p><a name=\"BRRegistroOrigem\"> </a><a name=\"hcBRRegistroOrigem\"> </a><a name=\"BRRegistroOrigem-und\"> </a><div style=\"display: inline-block; background-color: #d9e0e7; padding: 6px; margin: 4px; border: 1px solid #8da1b4; border-radius: 5px; line-height: 60%\"><p style=\"margin-bottom: 0px\">Language: pt-BR</p></div><p>This case-sensitive code system <code>http://www.saude.gov.br/fhir/r4/CodeSystem/BRRegistroOrigem</code> defines the following codes:</p><table class=\"codes\"><tr><td style=\"white-space:nowrap\"><b>Code</b></td><td><b>Display</b></td></tr><tr><td style=\"white-space:nowrap\">01<a name=\"BRRegistroOrigem-01\"> </a></td><td>Registro anterior/Transcrição de caderneta</td></tr><tr><td style=\"white-space:nowrap\">02<a name=\"BRRegistroOrigem-02\"> </a></td><td>Vacina no Exterior</td></tr></table></div>"},"extension":[{"url":"http://hl7.org/fhir/StructureDefinition/structuredefinition-fmm","valueInteger":1,"_valueInteger":{"extension":[{"url":"http://hl7.org/fhir/StructureDefinition/structuredefinition-conformance-derivedFrom","valueCanonical":"http://www.saude.gov.br/fhir/r4/ImplementationGuide/br.gov.saude.ria.fhir"}]}},{"url":"http://hl7.org/fhir/StructureDefinition/structuredefinition-standards-status","valueCode":"informative","_valueCode":{"extension":[{"url":"http://hl7.org/fhir/StructureDefinition/structuredefinition-conformance-derivedFrom","valueCanonical":"http://www.saude.gov.br/fhir/r4/ImplementationGuide/br.gov.saude.ria.fhir"}]}}],"url":"http://www.saude.gov.br/fhir/r4/CodeSystem/BRRegistroOrigem","version":"0.1.0","name":"BRRegistroOrigem","title":"Registro de Origem","status":"active","experimental":false,"date":"2022-01-21T14:38:40.0457007+00:00","publisher":"Ministério da Saúde do Brasil","contact":[{"telecom":[{"system":"url","value":"http://www.saude.gov.br"}]}],"description":"Códigos para representação da Origem do Registro de Imunobiológico.","jurisdiction":[{"coding":[{"system":"urn:iso:std:iso:3166","code":"BR"}]}],"caseSensitive":true,"content":"complete","concept":[{"code":"01","display":"Registro anterior/Transcrição de caderneta","designation":[{"language":"pt-BR","use":{"system":"http://terminology.hl7.org/CodeSystem/designation-usage","code":"display"},"value":"Registro anterior/Transcrição de caderneta"}]},{"code":"02","display":"Vacina no Exterior","designation":[{"language":"pt-BR","use":{"system":"http://terminology.hl7.org/CodeSystem/designation-usage","code":"display"},"value":"Vacina no Exterior"}]}]}