{"resourceType":"ValueSet","id":"BRCondicaoMaternal-1.0","language":"pt-BR","text":{"status":"generated","div":"<div xmlns=\"http://www.w3.org/1999/xhtml\" xml:lang=\"pt-BR\" lang=\"pt-BR\"><p class=\"res-header-id\"><b>Narrativa gerada: ValueSet BRCondicaoMaternal-1.0</b></p><a name=\"BRCondicaoMaternal-1.0\"> </a><a name=\"hcBRCondicaoMaternal-1.0\"> </a><a name=\"BRCondicaoMaternal-1.0-pt-BR\"> </a><div style=\"display: inline-block; background-color: #d9e0e7; padding: 6px; margin: 4px; border: 1px solid #8da1b4; border-radius: 5px; line-height: 60%\"><p style=\"margin-bottom: 0px\">Língua: pt-BR</p></div><ul><li>Include todos os códigos definidos em <a href=\"CodeSystem-BRCondicaoMaternal.html\"><code>http://www.saude.gov.br/fhir/r4/CodeSystem/BRCondicaoMaternal</code></a></li></ul></div>"},"extension":[{"url":"http://hl7.org/fhir/StructureDefinition/structuredefinition-fmm","valueInteger":1,"_valueInteger":{"extension":[{"url":"http://hl7.org/fhir/StructureDefinition/structuredefinition-conformance-derivedFrom","valueCanonical":"http://www.saude.gov.br/fhir/r4/ImplementationGuide/br.gov.saude.ria.fhir"}]}},{"url":"http://hl7.org/fhir/StructureDefinition/structuredefinition-standards-status","valueCode":"informative","_valueCode":{"extension":[{"url":"http://hl7.org/fhir/StructureDefinition/structuredefinition-conformance-derivedFrom","valueCanonical":"http://www.saude.gov.br/fhir/r4/ImplementationGuide/br.gov.saude.ria.fhir"}]}}],"url":"http://www.saude.gov.br/fhir/r4/ValueSet/BRCondicaoMaternal-1.0","version":"0.1.0","name":"BRCondicaoMaternal","title":"Condição Maternal","status":"active","experimental":false,"date":"2021-08-19T19:16:00.146+00:00","publisher":"Ministério da Saúde do Brasil","contact":[{"telecom":[{"system":"url","value":"http://www.saude.gov.br"}]}],"description":"ValueSet utilizado para Indicar a condição maternal da pessoa vacinada.","jurisdiction":[{"coding":[{"system":"urn:iso:std:iso:3166","code":"BR"}]}],"immutable":false,"compose":{"include":[{"system":"http://www.saude.gov.br/fhir/r4/CodeSystem/BRCondicaoMaternal","version":"*"}]}}