<?xml version="1.0" encoding="UTF-8"?>

<CodeSystem xmlns="http://hl7.org/fhir">
  <id value="BRCondicaoMaternal"/>
  <language value="pt-BR"/>
  <text>
    <status value="generated"/><div xmlns="http://www.w3.org/1999/xhtml" xml:lang="pt-BR" lang="pt-BR"><p class="res-header-id"><b>Generated Narrative: CodeSystem BRCondicaoMaternal</b></p><a name="BRCondicaoMaternal"> </a><a name="hcBRCondicaoMaternal"> </a><a name="BRCondicaoMaternal-und"> </a><div style="display: inline-block; background-color: #d9e0e7; padding: 6px; margin: 4px; border: 1px solid #8da1b4; border-radius: 5px; line-height: 60%"><p style="margin-bottom: 0px">Language: pt-BR</p></div><p>This case-sensitive code system <code>http://www.saude.gov.br/fhir/r4/CodeSystem/BRCondicaoMaternal</code> defines the following codes:</p><table class="codes"><tr><td style="white-space:nowrap"><b>Code</b></td><td><b>Display</b></td></tr><tr><td style="white-space:nowrap">1<a name="BRCondicaoMaternal-1"> </a></td><td>Não se aplica</td></tr><tr><td style="white-space:nowrap">2<a name="BRCondicaoMaternal-2"> </a></td><td>Gestante</td></tr><tr><td style="white-space:nowrap">3<a name="BRCondicaoMaternal-3"> </a></td><td>Puérpera</td></tr></table></div>
  </text>
  <extension url="http://hl7.org/fhir/StructureDefinition/structuredefinition-fmm">
    <valueInteger value="1">
      <extension url="http://hl7.org/fhir/StructureDefinition/structuredefinition-conformance-derivedFrom">
        <valueCanonical value="http://www.saude.gov.br/fhir/r4/ImplementationGuide/br.gov.saude.ria.fhir"/>
      </extension>
    </valueInteger>
  </extension>
  <extension url="http://hl7.org/fhir/StructureDefinition/structuredefinition-standards-status">
    <valueCode value="informative">
      <extension url="http://hl7.org/fhir/StructureDefinition/structuredefinition-conformance-derivedFrom">
        <valueCanonical value="http://www.saude.gov.br/fhir/r4/ImplementationGuide/br.gov.saude.ria.fhir"/>
      </extension>
    </valueCode>
  </extension>
  <url value="http://www.saude.gov.br/fhir/r4/CodeSystem/BRCondicaoMaternal"/>
  <version value="0.1.0"/>
  <name value="BRCondicaoMaternal"/>
  <title value="Condição Maternal"/>
  <status value="active"/>
  <experimental value="false"/>
  <date value="2021-08-19T14:10:22.301430+00:00"/>
  <publisher value="Ministério da Saúde do Brasil"/>
  <contact>
    <telecom>
      <system value="url"/>
      <value value="http://www.saude.gov.br"/>
    </telecom>
  </contact>
  <description value="Indicação da condição maternal da pessoa vacinada."/>
  <jurisdiction>
    <coding>
      <system value="urn:iso:std:iso:3166"/>
      <code value="BR"/>
    </coding>
  </jurisdiction>
  <caseSensitive value="true"/>
  <content value="complete"/>
  <concept>
    <code value="1"/>
    <display value="Não se aplica"/>
  </concept>
  <concept>
    <code value="2"/>
    <display value="Gestante"/>
  </concept>
  <concept>
    <code value="3"/>
    <display value="Puérpera"/>
  </concept>
</CodeSystem>