<?xml version="1.0" encoding="UTF-8"?><CodeSystem xmlns="http://hl7.org/fhir"><id value="BRGrupoAtendimento"/><language value="pt-BR"/><text><status value="generated"/><div xmlns="http://www.w3.org/1999/xhtml" xml:lang="pt-BR" lang="pt-BR"><p class="res-header-id"><b>Generated Narrative: CodeSystem BRGrupoAtendimento</b></p><a name="BRGrupoAtendimento"> </a><a name="hcBRGrupoAtendimento"> </a><a name="BRGrupoAtendimento-und"> </a><div style="display: inline-block; background-color: #d9e0e7; padding: 6px; margin: 4px; border: 1px solid #8da1b4; border-radius: 5px; line-height: 60%"><p style="margin-bottom: 0px">Language: pt-BR</p></div><p><b>Properties</b></p><p><b>This code system defines the following properties for its concepts</b></p><table class="grid"><tr><td><b>Name</b></td><td><b>Code</b></td><td><b>URI</b></td><td><b>Type</b></td></tr><tr><td>Inactive</td><td>inactive</td><td>http://hl7.org/fhir/concept-properties#inactive</td><td>boolean</td></tr></table><p><b>Concepts</b></p><p>This case-sensitive code system <code>http://www.saude.gov.br/fhir/r4/CodeSystem/BRGrupoAtendimento</code> defines the following codes:</p><table class="codes"><tr><td style="white-space:nowrap"><b>Code</b></td><td><b>Display</b></td><td><b>Inactive</b></td></tr><tr><td style="white-space:nowrap">00<a name="BRGrupoAtendimento-00"> </a></td><td>Sem registro no modelo de informação de origem</td><td/></tr><tr><td style="white-space:nowrap">000101<a name="BRGrupoAtendimento-000101"> </a></td><td>Hemoglobinopatia grave</td><td/></tr><tr style="background-color: #ffeeee"><td style="white-space:nowrap">000102<a name="BRGrupoAtendimento-000102"> </a></td><td>Neoplasias</td><td>true</td></tr><tr><td style="white-space:nowrap">000103<a name="BRGrupoAtendimento-000103"> </a></td><td>Diabetes Mellitus</td><td/></tr><tr><td style="white-space:nowrap">000104<a name="BRGrupoAtendimento-000104"> </a></td><td>Pneumopatias Crônicas Graves</td><td/></tr><tr><td style="white-space:nowrap">000105<a name="BRGrupoAtendimento-000105"> </a></td><td>Doença Renal Crônica</td><td/></tr><tr style="background-color: #ffeeee"><td style="white-space:nowrap">000106<a name="BRGrupoAtendimento-000106"> </a></td><td>Doenças Cardiovasculares e Cerebrovasculares</td><td>true</td></tr><tr><td style="white-space:nowrap">000107<a name="BRGrupoAtendimento-000107"> </a></td><td>Hipertensão de difícil controle ou com complicações/lesão de órgão alvo</td><td/></tr><tr style="background-color: #ffeeee"><td style="white-space:nowrap">000108<a name="BRGrupoAtendimento-000108"> </a></td><td>Indivíduos Transplantados de Órgão Sólido</td><td>true</td></tr><tr><td style="white-space:nowrap">000109<a name="BRGrupoAtendimento-000109"> </a></td><td>Obesidade Grave (Imc≥40)</td><td/></tr><tr><td style="white-space:nowrap">000110<a name="BRGrupoAtendimento-000110"> </a></td><td>Síndrome de Down</td><td/></tr><tr style="background-color: #ffeeee"><td style="white-space:nowrap">000111<a name="BRGrupoAtendimento-000111"> </a></td><td>Outros Imunocomprometidos</td><td>true</td></tr><tr style="background-color: #ffeeee"><td style="white-space:nowrap">000112<a name="BRGrupoAtendimento-000112"> </a></td><td>Indivíduos Transplantados de Medula Óssea</td><td>true</td></tr><tr style="background-color: #ffeeee"><td style="white-space:nowrap">000114<a name="BRGrupoAtendimento-000114"> </a></td><td>Cirrose hepática</td><td>true</td></tr><tr><td style="white-space:nowrap">000115<a name="BRGrupoAtendimento-000115"> </a></td><td>Doença neurológica crônica</td><td/></tr><tr><td style="white-space:nowrap">000116<a name="BRGrupoAtendimento-000116"> </a></td><td>Doença cardiovascular</td><td/></tr><tr><td style="white-space:nowrap">000117<a name="BRGrupoAtendimento-000117"> </a></td><td>Imunocomprometidos</td><td/></tr><tr><td style="white-space:nowrap">000118<a name="BRGrupoAtendimento-000118"> </a></td><td>Trissomias</td><td/></tr><tr><td style="white-space:nowrap">000119<a name="BRGrupoAtendimento-000119"> </a></td><td>Doença Hepática Crônica</td><td/></tr><tr><td style="white-space:nowrap">000120<a name="BRGrupoAtendimento-000120"> </a></td><td>Prematuridade</td><td/></tr><tr><td style="white-space:nowrap">000121<a name="BRGrupoAtendimento-000121"> </a></td><td>Anomalias de vias aéreas</td><td/></tr><tr><td style="white-space:nowrap">000122<a name="BRGrupoAtendimento-000122"> </a></td><td>Obesidade (score-Z acima de +2)</td><td/></tr><tr><td style="white-space:nowrap">000123<a name="BRGrupoAtendimento-000123"> </a></td><td>Erros Inatos da Imunidade (EII)</td><td/></tr><tr style="background-color: #ffeeee"><td style="white-space:nowrap">000201<a name="BRGrupoAtendimento-000201"> </a></td><td>Pessoas de 18 a 64 anos</td><td>true</td></tr><tr style="background-color: #ffeeee"><td style="white-space:nowrap">000202<a name="BRGrupoAtendimento-000202"> </a></td><td>Pessoas de 65 a 69 anos</td><td>true</td></tr><tr style="background-color: #ffeeee"><td style="white-space:nowrap">000203<a name="BRGrupoAtendimento-000203"> </a></td><td>Pessoas de 70 a 74 anos</td><td>true</td></tr><tr style="background-color: #ffeeee"><td style="white-space:nowrap">000204<a name="BRGrupoAtendimento-000204"> </a></td><td>Pessoas de 75 a 79 anos</td><td>true</td></tr><tr style="background-color: #ffeeee"><td style="white-space:nowrap">000205<a name="BRGrupoAtendimento-000205"> </a></td><td>Pessoas de 80 anos ou mais</td><td>true</td></tr><tr style="background-color: #ffeeee"><td style="white-space:nowrap">000206<a name="BRGrupoAtendimento-000206"> </a></td><td>Pessoas de 12 a 17 anos</td><td>true</td></tr><tr style="background-color: #ffeeee"><td style="white-space:nowrap">000207<a name="BRGrupoAtendimento-000207"> </a></td><td>Pessoas de 5 a 11 anos</td><td>true</td></tr><tr style="background-color: #ffeeee"><td style="white-space:nowrap">000208<a name="BRGrupoAtendimento-000208"> </a></td><td>Pessoas de 3 a 4 anos</td><td>true</td></tr><tr style="background-color: #ffeeee"><td style="white-space:nowrap">000209<a name="BRGrupoAtendimento-000209"> </a></td><td>Pessoas de 6 meses a 2 anos</td><td>true</td></tr><tr><td style="white-space:nowrap">000210<a name="BRGrupoAtendimento-000210"> </a></td><td>Faixa Etária</td><td/></tr><tr style="background-color: #ffeeee"><td style="white-space:nowrap">000301<a name="BRGrupoAtendimento-000301"> </a></td><td>Pessoas de 60 nos ou mais Institucionalizadas</td><td>true</td></tr><tr><td style="white-space:nowrap">000302<a name="BRGrupoAtendimento-000302"> </a></td><td>Pessoas Institucionalizadas</td><td/></tr><tr><td style="white-space:nowrap">000401<a name="BRGrupoAtendimento-000401"> </a></td><td>Marinha do Brasil - MB</td><td/></tr><tr><td style="white-space:nowrap">000402<a name="BRGrupoAtendimento-000402"> </a></td><td>Exército Brasileiro - EB</td><td/></tr><tr><td style="white-space:nowrap">000403<a name="BRGrupoAtendimento-000403"> </a></td><td>Força Aérea Brasileira - FAB</td><td/></tr><tr><td style="white-space:nowrap">000501<a name="BRGrupoAtendimento-000501"> </a></td><td>Bombeiro Civil</td><td/></tr><tr><td style="white-space:nowrap">000502<a name="BRGrupoAtendimento-000502"> </a></td><td>Bombeiro Militar</td><td/></tr><tr><td style="white-space:nowrap">000503<a name="BRGrupoAtendimento-000503"> </a></td><td>Guarda Municipal</td><td/></tr><tr><td style="white-space:nowrap">000504<a name="BRGrupoAtendimento-000504"> </a></td><td>Policial Rodoviário Federal</td><td/></tr><tr><td style="white-space:nowrap">000505<a name="BRGrupoAtendimento-000505"> </a></td><td>Policial Civil</td><td/></tr><tr><td style="white-space:nowrap">000506<a name="BRGrupoAtendimento-000506"> </a></td><td>Policial Federal</td><td/></tr><tr><td style="white-space:nowrap">000507<a name="BRGrupoAtendimento-000507"> </a></td><td>Policial Militar</td><td/></tr><tr><td style="white-space:nowrap">000601<a name="BRGrupoAtendimento-000601"> </a></td><td>Quilombola</td><td/></tr><tr><td style="white-space:nowrap">000602<a name="BRGrupoAtendimento-000602"> </a></td><td>Ribeirinha</td><td/></tr><tr style="background-color: #ffeeee"><td style="white-space:nowrap">000603<a name="BRGrupoAtendimento-000603"> </a></td><td>Crianças Quilombolas</td><td>true</td></tr><tr style="background-color: #ffeeee"><td style="white-space:nowrap">000604<a name="BRGrupoAtendimento-000604"> </a></td><td>Crianças Ribeirinhas</td><td>true</td></tr><tr style="background-color: #ffeeee"><td style="white-space:nowrap">000701<a name="BRGrupoAtendimento-000701"> </a></td><td>Povos indígenas em terras indígenas</td><td>true</td></tr><tr style="background-color: #ffeeee"><td style="white-space:nowrap">000702<a name="BRGrupoAtendimento-000702"> </a></td><td>Crianças Indígenas</td><td>true</td></tr><tr><td style="white-space:nowrap">000703<a name="BRGrupoAtendimento-000703"> </a></td><td>Povos indígenas vivendo em terras indígenas</td><td/></tr><tr><td style="white-space:nowrap">000704<a name="BRGrupoAtendimento-000704"> </a></td><td>Povos indígenas vivendo fora das terras indígenas</td><td/></tr><tr><td style="white-space:nowrap">000801<a name="BRGrupoAtendimento-000801"> </a></td><td>Ensino Básico</td><td/></tr><tr><td style="white-space:nowrap">000802<a name="BRGrupoAtendimento-000802"> </a></td><td>Ensino Superior</td><td/></tr><tr><td style="white-space:nowrap">000901<a name="BRGrupoAtendimento-000901"> </a></td><td>Auxiliar de Veterinário</td><td/></tr><tr><td style="white-space:nowrap">000902<a name="BRGrupoAtendimento-000902"> </a></td><td>Biólogo</td><td/></tr><tr><td style="white-space:nowrap">000903<a name="BRGrupoAtendimento-000903"> </a></td><td>Biomédico</td><td/></tr><tr><td style="white-space:nowrap">000904<a name="BRGrupoAtendimento-000904"> </a></td><td>Cozinheiro e Auxiliares</td><td/></tr><tr><td style="white-space:nowrap">000905<a name="BRGrupoAtendimento-000905"> </a></td><td>Cuidador de Idosos</td><td/></tr><tr><td style="white-space:nowrap">000906<a name="BRGrupoAtendimento-000906"> </a></td><td>Doula/Parteira</td><td/></tr><tr><td style="white-space:nowrap">000907<a name="BRGrupoAtendimento-000907"> </a></td><td>Enfermeiro(a)</td><td/></tr><tr><td style="white-space:nowrap">000908<a name="BRGrupoAtendimento-000908"> </a></td><td>Farmacêutico</td><td/></tr><tr><td style="white-space:nowrap">000909<a name="BRGrupoAtendimento-000909"> </a></td><td>Fisioterapeutas</td><td/></tr><tr><td style="white-space:nowrap">000910<a name="BRGrupoAtendimento-000910"> </a></td><td>Fonoaudiólogo</td><td/></tr><tr><td style="white-space:nowrap">000911<a name="BRGrupoAtendimento-000911"> </a></td><td>Funcionário do Sistema Funerário que tenham contato com cadáveres potencialmente contaminados</td><td/></tr><tr><td style="white-space:nowrap">000912<a name="BRGrupoAtendimento-000912"> </a></td><td>Médico</td><td/></tr><tr><td style="white-space:nowrap">000913<a name="BRGrupoAtendimento-000913"> </a></td><td>Médico Veterinário</td><td/></tr><tr><td style="white-space:nowrap">000914<a name="BRGrupoAtendimento-000914"> </a></td><td>Motorista de Ambulância</td><td/></tr><tr><td style="white-space:nowrap">000915<a name="BRGrupoAtendimento-000915"> </a></td><td>Nutricionista</td><td/></tr><tr><td style="white-space:nowrap">000916<a name="BRGrupoAtendimento-000916"> </a></td><td>Odontologista</td><td/></tr><tr><td style="white-space:nowrap">000917<a name="BRGrupoAtendimento-000917"> </a></td><td>Profissionais e Auxiliares de limpeza</td><td/></tr><tr><td style="white-space:nowrap">000918<a name="BRGrupoAtendimento-000918"> </a></td><td>Profissionais de Educação Física</td><td/></tr><tr><td style="white-space:nowrap">000919<a name="BRGrupoAtendimento-000919"> </a></td><td>Psicólogo</td><td/></tr><tr><td style="white-space:nowrap">000920<a name="BRGrupoAtendimento-000920"> </a></td><td>Recepcionista</td><td/></tr><tr><td style="white-space:nowrap">000921<a name="BRGrupoAtendimento-000921"> </a></td><td>Segurança</td><td/></tr><tr><td style="white-space:nowrap">000922<a name="BRGrupoAtendimento-000922"> </a></td><td>Assistente Social</td><td/></tr><tr><td style="white-space:nowrap">000923<a name="BRGrupoAtendimento-000923"> </a></td><td>Técnico de Enfermagem</td><td/></tr><tr><td style="white-space:nowrap">000924<a name="BRGrupoAtendimento-000924"> </a></td><td>Técnico de Veterinário</td><td/></tr><tr><td style="white-space:nowrap">000925<a name="BRGrupoAtendimento-000925"> </a></td><td>Terapeuta Ocupacional</td><td/></tr><tr><td style="white-space:nowrap">000926<a name="BRGrupoAtendimento-000926"> </a></td><td>Outros</td><td/></tr><tr><td style="white-space:nowrap">000927<a name="BRGrupoAtendimento-000927"> </a></td><td>Auxiliar de Enfermagem</td><td/></tr><tr><td style="white-space:nowrap">000928<a name="BRGrupoAtendimento-000928"> </a></td><td>Técnico de Odontologia</td><td/></tr><tr><td style="white-space:nowrap">000929<a name="BRGrupoAtendimento-000929"> </a></td><td>Acadêmicos/estudantes em estágio em estabelecimentos de saúde</td><td/></tr><tr><td style="white-space:nowrap">000930<a name="BRGrupoAtendimento-000930"> </a></td><td>Agente de Combate a Endemias - ACE</td><td/></tr><tr><td style="white-space:nowrap">000931<a name="BRGrupoAtendimento-000931"> </a></td><td>Agente Comunitário de Saúde - ACS</td><td/></tr><tr><td style="white-space:nowrap">000932<a name="BRGrupoAtendimento-000932"> </a></td><td>Auxiliar em Saúde Bucal - ASB</td><td/></tr><tr><td style="white-space:nowrap">000933<a name="BRGrupoAtendimento-000933"> </a></td><td>Técnico em Saúde Bucal - TSB</td><td/></tr><tr><td style="white-space:nowrap">001001<a name="BRGrupoAtendimento-001001"> </a></td><td>Aéreo</td><td/></tr><tr><td style="white-space:nowrap">001002<a name="BRGrupoAtendimento-001002"> </a></td><td>Caminhoneiro</td><td/></tr><tr><td style="white-space:nowrap">001003<a name="BRGrupoAtendimento-001003"> </a></td><td>Coletivo Rodoviário Passageiros Urbano e de Longo Curso</td><td/></tr><tr><td style="white-space:nowrap">001004<a name="BRGrupoAtendimento-001004"> </a></td><td>Ferroviário</td><td/></tr><tr><td style="white-space:nowrap">001005<a name="BRGrupoAtendimento-001005"> </a></td><td>Metroviário</td><td/></tr><tr><td style="white-space:nowrap">001006<a name="BRGrupoAtendimento-001006"> </a></td><td>Aquaviário</td><td/></tr><tr><td style="white-space:nowrap">001101<a name="BRGrupoAtendimento-001101"> </a></td><td>Pessoas com Deficiência Institucionalizadas</td><td/></tr><tr><td style="white-space:nowrap">001102<a name="BRGrupoAtendimento-001102"> </a></td><td>Pessoas com Deficiência Permanente</td><td/></tr><tr><td style="white-space:nowrap">001201<a name="BRGrupoAtendimento-001201"> </a></td><td>Pessoas em Situação de Rua</td><td/></tr><tr><td style="white-space:nowrap">001301<a name="BRGrupoAtendimento-001301"> </a></td><td>Trabalhadores Portuários</td><td/></tr><tr><td style="white-space:nowrap">001401<a name="BRGrupoAtendimento-001401"> </a></td><td>Funcionário do Sistema de Privação de Liberdade</td><td/></tr><tr><td style="white-space:nowrap">001501<a name="BRGrupoAtendimento-001501"> </a></td><td>População Privada de Liberdade</td><td/></tr><tr><td style="white-space:nowrap">001502<a name="BRGrupoAtendimento-001502"> </a></td><td>Adolescentes cumprindo medidas Socioeducativas</td><td/></tr><tr><td style="white-space:nowrap">001601<a name="BRGrupoAtendimento-001601"> </a></td><td>Trabalhadores Industriais</td><td/></tr><tr><td style="white-space:nowrap">001701<a name="BRGrupoAtendimento-001701"> </a></td><td>Trabalhadores de limpeza urbana e manejo de resíduos sólidos</td><td/></tr><tr><td style="white-space:nowrap">001801<a name="BRGrupoAtendimento-001801"> </a></td><td>Gestante</td><td/></tr><tr><td style="white-space:nowrap">001901<a name="BRGrupoAtendimento-001901"> </a></td><td>Puérpera</td><td/></tr><tr><td style="white-space:nowrap">002001<a name="BRGrupoAtendimento-002001"> </a></td><td>População Rural</td><td/></tr><tr style="background-color: #ffeeee"><td style="white-space:nowrap">999999<a name="BRGrupoAtendimento-999999"> </a></td><td>Outros Grupos</td><td>true</td></tr></table></div></text><extension url="http://hl7.org/fhir/StructureDefinition/structuredefinition-fmm"><valueInteger value="1"><extension url="http://hl7.org/fhir/StructureDefinition/structuredefinition-conformance-derivedFrom"><valueCanonical value="http://www.saude.gov.br/fhir/r4/ImplementationGuide/br.gov.saude.ria.fhir"/></extension></valueInteger></extension><extension url="http://hl7.org/fhir/StructureDefinition/structuredefinition-standards-status"><valueCode value="informative"><extension url="http://hl7.org/fhir/StructureDefinition/structuredefinition-conformance-derivedFrom"><valueCanonical value="http://www.saude.gov.br/fhir/r4/ImplementationGuide/br.gov.saude.ria.fhir"/></extension></valueCode></extension><url value="http://www.saude.gov.br/fhir/r4/CodeSystem/BRGrupoAtendimento"/><version value="0.1.0"/><name value="BRGrupoAtendimento"/><title value="Grupo de Atendimento"/><status value="active"/><experimental value="false"/><date value="2021-08-20T14:59:27.326+00:00"/><publisher value="Ministério da Saúde do Brasil"/><contact><telecom><system value="url"/><value value="http://www.saude.gov.br"/></telecom></contact><description value="Domínio que identifica o tipo de grupo de atendimento que o indivíduo apresentou para a vacinação em campanha."/><jurisdiction><coding><system value="urn:iso:std:iso:3166"/><code value="BR"/></coding></jurisdiction><caseSensitive value="true"/><content value="complete"/><property><code value="inactive"/><uri value="http://hl7.org/fhir/concept-properties#inactive"/><type value="boolean"/></property><concept><code value="00"/><display value="Sem registro no modelo de informação de origem"/><designation><language value="pt-BR"/><use><system value="http://terminology.hl7.org/CodeSystem/designation-usage"/><code value="display"/></use><value value="Sem registro no modelo de informação de origem"/></designation></concept><concept><code value="000101"/><display value="Hemoglobinopatia grave"/><designation><language value="pt-BR"/><use><system value="http://terminology.hl7.org/CodeSystem/designation-usage"/><code value="display"/></use><value value="Hemoglobinopatia grave"/></designation></concept><concept><code value="000102"/><display value="Neoplasias"/><designation><language value="pt-BR"/><use><system value="http://terminology.hl7.org/CodeSystem/designation-usage"/><code value="display"/></use><value value="Neoplasias"/></designation><property><code value="inactive"/><valueBoolean value="true"/></property></concept><concept><code value="000103"/><display value="Diabetes Mellitus"/><designation><language value="pt-BR"/><use><system value="http://terminology.hl7.org/CodeSystem/designation-usage"/><code value="display"/></use><value value="Diabetes Mellitus"/></designation></concept><concept><code value="000104"/><display value="Pneumopatias Crônicas Graves"/><designation><language value="pt-BR"/><use><system value="http://terminology.hl7.org/CodeSystem/designation-usage"/><code value="display"/></use><value value="Pneumopatias Crônicas Graves"/></designation></concept><concept><code value="000105"/><display value="Doença Renal Crônica"/><designation><language value="pt-BR"/><use><system value="http://terminology.hl7.org/CodeSystem/designation-usage"/><code value="display"/></use><value value="Doença Renal Crônica"/></designation></concept><concept><code value="000106"/><display value="Doenças Cardiovasculares e Cerebrovasculares"/><designation><language value="pt-BR"/><use><system value="http://terminology.hl7.org/CodeSystem/designation-usage"/><code value="display"/></use><value value="Doenças Cardiovasculares e Cerebrovasculares"/></designation><property><code value="inactive"/><valueBoolean value="true"/></property></concept><concept><code value="000107"/><display value="Hipertensão de difícil controle ou com complicações/lesão de órgão alvo"/><designation><language value="pt-BR"/><use><system value="http://terminology.hl7.org/CodeSystem/designation-usage"/><code value="display"/></use><value value="Hipertensão de difícil controle ou com complicações/lesão de órgão alvo"/></designation></concept><concept><code value="000108"/><display value="Indivíduos Transplantados de Órgão Sólido"/><designation><language value="pt-BR"/><use><system value="http://terminology.hl7.org/CodeSystem/designation-usage"/><code value="display"/></use><value value="Indivíduos Transplantados de Órgão Sólido"/></designation><property><code value="inactive"/><valueBoolean value="true"/></property></concept><concept><code value="000109"/><display value="Obesidade Grave (Imc≥40)"/><designation><language value="pt-BR"/><use><system value="http://terminology.hl7.org/CodeSystem/designation-usage"/><code value="display"/></use><value value="Obesidade Grave (Imc≥40)"/></designation></concept><concept><code value="000110"/><display value="Síndrome de Down"/><designation><language value="pt-BR"/><use><system value="http://terminology.hl7.org/CodeSystem/designation-usage"/><code value="display"/></use><value value="Síndrome de Down"/></designation></concept><concept><code value="000111"/><display value="Outros Imunocomprometidos"/><designation><language value="pt-BR"/><use><system value="http://terminology.hl7.org/CodeSystem/designation-usage"/><code value="display"/></use><value value="Outros Imunocomprometidos"/></designation><property><code value="inactive"/><valueBoolean value="true"/></property></concept><concept><code value="000112"/><display value="Indivíduos Transplantados de Medula Óssea"/><designation><language value="pt-BR"/><use><system value="http://terminology.hl7.org/CodeSystem/designation-usage"/><code value="display"/></use><value value="Indivíduos Transplantados de Medula Óssea"/></designation><property><code value="inactive"/><valueBoolean value="true"/></property></concept><concept><code value="000114"/><display value="Cirrose hepática"/><designation><language value="pt-BR"/><use><system value="http://terminology.hl7.org/CodeSystem/designation-usage"/><code value="display"/></use><value value="Cirrose hepática"/></designation><property><code value="inactive"/><valueBoolean value="true"/></property></concept><concept><code value="000115"/><display value="Doença neurológica crônica"/><designation><language value="pt-BR"/><use><system value="http://terminology.hl7.org/CodeSystem/designation-usage"/><code value="display"/></use><value value="Doença neurológica crônica"/></designation></concept><concept><code value="000116"/><display value="Doença cardiovascular"/><designation><language value="pt-BR"/><use><system value="http://terminology.hl7.org/CodeSystem/designation-usage"/><code value="display"/></use><value value="Doença cardiovascular"/></designation></concept><concept><code value="000117"/><display value="Imunocomprometidos"/><designation><language value="pt-BR"/><use><system value="http://terminology.hl7.org/CodeSystem/designation-usage"/><code value="display"/></use><value value="Imunocomprometidos"/></designation></concept><concept><code value="000118"/><display value="Trissomias"/><designation><language value="pt-BR"/><use><system value="http://terminology.hl7.org/CodeSystem/designation-usage"/><code value="display"/></use><value value="Trissomias"/></designation></concept><concept><code value="000119"/><display value="Doença Hepática Crônica"/><designation><language value="pt-BR"/><use><system value="http://terminology.hl7.org/CodeSystem/designation-usage"/><code value="display"/></use><value value="Doença Hepática Crônica"/></designation></concept><concept><code value="000120"/><display value="Prematuridade"/><designation><language value="pt-BR"/><use><system value="http://terminology.hl7.org/CodeSystem/designation-usage"/><code value="display"/></use><value value="Prematuridade"/></designation></concept><concept><code value="000121"/><display value="Anomalias de vias aéreas"/><designation><language value="pt-BR"/><use><system value="http://terminology.hl7.org/CodeSystem/designation-usage"/><code value="display"/></use><value value="Anomalias de vias aéreas"/></designation></concept><concept><code value="000122"/><display value="Obesidade (score-Z acima de +2)"/><designation><language value="pt-BR"/><use><system value="http://terminology.hl7.org/CodeSystem/designation-usage"/><code value="display"/></use><value value="Obesidade (score-Z acima de +2)"/></designation></concept><concept><code value="000123"/><display value="Erros Inatos da Imunidade (EII)"/><designation><language value="pt-BR"/><use><system value="http://terminology.hl7.org/CodeSystem/designation-usage"/><code value="display"/></use><value value="Erros Inatos da Imunidade (EII)"/></designation></concept><concept><code value="000201"/><display value="Pessoas de 18 a 64 anos"/><designation><language value="pt-BR"/><use><system value="http://terminology.hl7.org/CodeSystem/designation-usage"/><code value="display"/></use><value value="Pessoas de 18 a 64 anos"/></designation><property><code value="inactive"/><valueBoolean value="true"/></property></concept><concept><code value="000202"/><display value="Pessoas de 65 a 69 anos"/><designation><language value="pt-BR"/><use><system value="http://terminology.hl7.org/CodeSystem/designation-usage"/><code value="display"/></use><value value="Pessoas de 65 a 69 anos"/></designation><property><code value="inactive"/><valueBoolean value="true"/></property></concept><concept><code value="000203"/><display value="Pessoas de 70 a 74 anos"/><designation><language value="pt-BR"/><use><system value="http://terminology.hl7.org/CodeSystem/designation-usage"/><code value="display"/></use><value value="Pessoas de 70 a 74 anos"/></designation><property><code value="inactive"/><valueBoolean value="true"/></property></concept><concept><code value="000204"/><display value="Pessoas de 75 a 79 anos"/><designation><language value="pt-BR"/><use><system value="http://terminology.hl7.org/CodeSystem/designation-usage"/><code value="display"/></use><value value="Pessoas de 75 a 79 anos"/></designation><property><code value="inactive"/><valueBoolean value="true"/></property></concept><concept><code value="000205"/><display value="Pessoas de 80 anos ou mais"/><designation><language value="pt-BR"/><use><system value="http://terminology.hl7.org/CodeSystem/designation-usage"/><code value="display"/></use><value value="Pessoas de 80 anos ou mais"/></designation><property><code value="inactive"/><valueBoolean value="true"/></property></concept><concept><code value="000206"/><display value="Pessoas de 12 a 17 anos"/><designation><language value="pt-BR"/><use><system value="http://terminology.hl7.org/CodeSystem/designation-usage"/><code value="display"/></use><value value="Pessoas de 12 a 17 anos"/></designation><property><code value="inactive"/><valueBoolean value="true"/></property></concept><concept><code value="000207"/><display value="Pessoas de 5 a 11 anos"/><designation><language value="pt-BR"/><use><system value="http://terminology.hl7.org/CodeSystem/designation-usage"/><code value="display"/></use><value value="Pessoas de 5 a 11 anos"/></designation><property><code value="inactive"/><valueBoolean value="true"/></property></concept><concept><code value="000208"/><display value="Pessoas de 3 a 4 anos"/><designation><language value="pt-BR"/><use><system value="http://terminology.hl7.org/CodeSystem/designation-usage"/><code value="display"/></use><value value="Pessoas de 3 a 4 anos"/></designation><property><code value="inactive"/><valueBoolean value="true"/></property></concept><concept><code value="000209"/><display value="Pessoas de 6 meses a 2 anos"/><designation><language value="pt-BR"/><use><system value="http://terminology.hl7.org/CodeSystem/designation-usage"/><code value="display"/></use><value value="Pessoas de 6 meses a 2 anos"/></designation><property><code value="inactive"/><valueBoolean value="true"/></property></concept><concept><code value="000210"/><display value="Faixa Etária"/><designation><language value="pt-BR"/><use><system value="http://terminology.hl7.org/CodeSystem/designation-usage"/><code value="display"/></use><value value="Faixa Etária"/></designation></concept><concept><code value="000301"/><display value="Pessoas de 60 nos ou mais Institucionalizadas"/><designation><language value="pt-BR"/><use><system value="http://terminology.hl7.org/CodeSystem/designation-usage"/><code value="display"/></use><value value="Pessoas de 60 nos ou mais Institucionalizadas"/></designation><property><code value="inactive"/><valueBoolean value="true"/></property></concept><concept><code value="000302"/><display value="Pessoas Institucionalizadas"/><designation><language value="pt-BR"/><use><system value="http://terminology.hl7.org/CodeSystem/designation-usage"/><code value="display"/></use><value value="Pessoas Institucionalizadas"/></designation></concept><concept><code value="000401"/><display value="Marinha do Brasil - MB"/><designation><language value="pt-BR"/><use><system value="http://terminology.hl7.org/CodeSystem/designation-usage"/><code value="display"/></use><value value="Marinha do Brasil - MB"/></designation></concept><concept><code value="000402"/><display value="Exército Brasileiro - EB"/><designation><language value="pt-BR"/><use><system value="http://terminology.hl7.org/CodeSystem/designation-usage"/><code value="display"/></use><value value="Exército Brasileiro - EB"/></designation></concept><concept><code value="000403"/><display value="Força Aérea Brasileira - FAB"/><designation><language value="pt-BR"/><use><system value="http://terminology.hl7.org/CodeSystem/designation-usage"/><code value="display"/></use><value value="Força Aérea Brasileira - FAB"/></designation></concept><concept><code value="000501"/><display value="Bombeiro Civil"/><designation><language value="pt-BR"/><use><system value="http://terminology.hl7.org/CodeSystem/designation-usage"/><code value="display"/></use><value value="Bombeiro Civil"/></designation></concept><concept><code value="000502"/><display value="Bombeiro Militar"/><designation><language value="pt-BR"/><use><system value="http://terminology.hl7.org/CodeSystem/designation-usage"/><code value="display"/></use><value value="Bombeiro Militar"/></designation></concept><concept><code value="000503"/><display value="Guarda Municipal"/><designation><language value="pt-BR"/><use><system value="http://terminology.hl7.org/CodeSystem/designation-usage"/><code value="display"/></use><value value="Guarda Municipal"/></designation></concept><concept><code value="000504"/><display value="Policial Rodoviário Federal"/><designation><language value="pt-BR"/><use><system value="http://terminology.hl7.org/CodeSystem/designation-usage"/><code value="display"/></use><value value="Policial Rodoviário Federal"/></designation></concept><concept><code value="000505"/><display value="Policial Civil"/><designation><language value="pt-BR"/><use><system value="http://terminology.hl7.org/CodeSystem/designation-usage"/><code value="display"/></use><value value="Policial Civil"/></designation></concept><concept><code value="000506"/><display value="Policial Federal"/><designation><language value="pt-BR"/><use><system value="http://terminology.hl7.org/CodeSystem/designation-usage"/><code value="display"/></use><value value="Policial Federal"/></designation></concept><concept><code value="000507"/><display value="Policial Militar"/><designation><language value="pt-BR"/><use><system value="http://terminology.hl7.org/CodeSystem/designation-usage"/><code value="display"/></use><value value="Policial Militar"/></designation></concept><concept><code value="000601"/><display value="Quilombola"/><designation><language value="pt-BR"/><use><system value="http://terminology.hl7.org/CodeSystem/designation-usage"/><code value="display"/></use><value value="Quilombola"/></designation></concept><concept><code value="000602"/><display value="Ribeirinha"/><designation><language value="pt-BR"/><use><system value="http://terminology.hl7.org/CodeSystem/designation-usage"/><code value="display"/></use><value value="Ribeirinha"/></designation></concept><concept><code value="000603"/><display value="Crianças Quilombolas"/><designation><language value="pt-BR"/><use><system value="http://terminology.hl7.org/CodeSystem/designation-usage"/><code value="display"/></use><value value="Crianças Quilombolas"/></designation><property><code value="inactive"/><valueBoolean value="true"/></property></concept><concept><code value="000604"/><display value="Crianças Ribeirinhas"/><designation><language value="pt-BR"/><use><system value="http://terminology.hl7.org/CodeSystem/designation-usage"/><code value="display"/></use><value value="Crianças Ribeirinhas"/></designation><property><code value="inactive"/><valueBoolean value="true"/></property></concept><concept><code value="000701"/><display value="Povos indígenas em terras indígenas"/><designation><language value="pt-BR"/><use><system value="http://terminology.hl7.org/CodeSystem/designation-usage"/><code value="display"/></use><value value="Povos indígenas em terras indígenas"/></designation><property><code value="inactive"/><valueBoolean value="true"/></property></concept><concept><code value="000702"/><display value="Crianças Indígenas"/><designation><language value="pt-BR"/><use><system value="http://terminology.hl7.org/CodeSystem/designation-usage"/><code value="display"/></use><value value="Crianças Indígenas"/></designation><property><code value="inactive"/><valueBoolean value="true"/></property></concept><concept><code value="000703"/><display value="Povos indígenas vivendo em terras indígenas"/><designation><language value="pt-BR"/><use><system value="http://terminology.hl7.org/CodeSystem/designation-usage"/><code value="display"/></use><value value="Povos indígenas vivendo em terras indígenas"/></designation></concept><concept><code value="000704"/><display value="Povos indígenas vivendo fora das terras indígenas"/><designation><language value="pt-BR"/><use><system value="http://terminology.hl7.org/CodeSystem/designation-usage"/><code value="display"/></use><value value="Povos indígenas vivendo fora das terras indígenas"/></designation></concept><concept><code value="000801"/><display value="Ensino Básico"/><designation><language value="pt-BR"/><use><system value="http://terminology.hl7.org/CodeSystem/designation-usage"/><code value="display"/></use><value value="Ensino Básico"/></designation></concept><concept><code value="000802"/><display value="Ensino Superior"/><designation><language value="pt-BR"/><use><system value="http://terminology.hl7.org/CodeSystem/designation-usage"/><code value="display"/></use><value value="Ensino Superior"/></designation></concept><concept><code value="000901"/><display value="Auxiliar de Veterinário"/><designation><language value="pt-BR"/><use><system value="http://terminology.hl7.org/CodeSystem/designation-usage"/><code value="display"/></use><value value="Auxiliar de Veterinário"/></designation></concept><concept><code value="000902"/><display value="Biólogo"/><designation><language value="pt-BR"/><use><system value="http://terminology.hl7.org/CodeSystem/designation-usage"/><code value="display"/></use><value value="Biólogo"/></designation></concept><concept><code value="000903"/><display value="Biomédico"/><designation><language value="pt-BR"/><use><system value="http://terminology.hl7.org/CodeSystem/designation-usage"/><code value="display"/></use><value value="Biomédico"/></designation></concept><concept><code value="000904"/><display value="Cozinheiro e Auxiliares"/><designation><language value="pt-BR"/><use><system value="http://terminology.hl7.org/CodeSystem/designation-usage"/><code value="display"/></use><value value="Cozinheiro e Auxiliares"/></designation></concept><concept><code value="000905"/><display value="Cuidador de Idosos"/><designation><language value="pt-BR"/><use><system value="http://terminology.hl7.org/CodeSystem/designation-usage"/><code value="display"/></use><value value="Cuidador de Idosos"/></designation></concept><concept><code value="000906"/><display value="Doula/Parteira"/><designation><language value="pt-BR"/><use><system value="http://terminology.hl7.org/CodeSystem/designation-usage"/><code value="display"/></use><value value="Doula/Parteira"/></designation></concept><concept><code value="000907"/><display value="Enfermeiro(a)"/><designation><language value="pt-BR"/><use><system value="http://terminology.hl7.org/CodeSystem/designation-usage"/><code value="display"/></use><value value="Enfermeiro(a)"/></designation></concept><concept><code value="000908"/><display value="Farmacêutico"/><designation><language value="pt-BR"/><use><system value="http://terminology.hl7.org/CodeSystem/designation-usage"/><code value="display"/></use><value value="Farmacêutico"/></designation></concept><concept><code value="000909"/><display value="Fisioterapeutas"/><designation><language value="pt-BR"/><use><system value="http://terminology.hl7.org/CodeSystem/designation-usage"/><code value="display"/></use><value value="Fisioterapeutas"/></designation></concept><concept><code value="000910"/><display value="Fonoaudiólogo"/><designation><language value="pt-BR"/><use><system value="http://terminology.hl7.org/CodeSystem/designation-usage"/><code value="display"/></use><value value="Fonoaudiólogo"/></designation></concept><concept><code value="000911"/><display value="Funcionário do Sistema Funerário que tenham contato com cadáveres potencialmente contaminados"/><designation><language value="pt-BR"/><use><system value="http://terminology.hl7.org/CodeSystem/designation-usage"/><code value="display"/></use><value value="Funcionário do Sistema Funerário que tenham contato com cadáveres potencialmente contaminados"/></designation></concept><concept><code value="000912"/><display value="Médico"/><designation><language value="pt-BR"/><use><system value="http://terminology.hl7.org/CodeSystem/designation-usage"/><code value="display"/></use><value value="Médico"/></designation></concept><concept><code value="000913"/><display value="Médico Veterinário"/><designation><language value="pt-BR"/><use><system value="http://terminology.hl7.org/CodeSystem/designation-usage"/><code value="display"/></use><value value="Médico Veterinário"/></designation></concept><concept><code value="000914"/><display value="Motorista de Ambulância"/><designation><language value="pt-BR"/><use><system value="http://terminology.hl7.org/CodeSystem/designation-usage"/><code value="display"/></use><value value="Motorista de Ambulância"/></designation></concept><concept><code value="000915"/><display value="Nutricionista"/><designation><language value="pt-BR"/><use><system value="http://terminology.hl7.org/CodeSystem/designation-usage"/><code value="display"/></use><value value="Nutricionista"/></designation></concept><concept><code value="000916"/><display value="Odontologista"/><designation><language value="pt-BR"/><use><system value="http://terminology.hl7.org/CodeSystem/designation-usage"/><code value="display"/></use><value value="Odontologista"/></designation></concept><concept><code value="000917"/><display value="Profissionais e Auxiliares de limpeza"/><designation><language value="pt-BR"/><use><system value="http://terminology.hl7.org/CodeSystem/designation-usage"/><code value="display"/></use><value value="Profissionais e Auxiliares de limpeza"/></designation></concept><concept><code value="000918"/><display value="Profissionais de Educação Física"/><designation><language value="pt-BR"/><use><system value="http://terminology.hl7.org/CodeSystem/designation-usage"/><code value="display"/></use><value value="Profissionais de Educação Física"/></designation></concept><concept><code value="000919"/><display value="Psicólogo"/><designation><language value="pt-BR"/><use><system value="http://terminology.hl7.org/CodeSystem/designation-usage"/><code value="display"/></use><value value="Psicólogo"/></designation></concept><concept><code value="000920"/><display value="Recepcionista"/><designation><language value="pt-BR"/><use><system value="http://terminology.hl7.org/CodeSystem/designation-usage"/><code value="display"/></use><value value="Recepcionista"/></designation></concept><concept><code value="000921"/><display value="Segurança"/><designation><language value="pt-BR"/><use><system value="http://terminology.hl7.org/CodeSystem/designation-usage"/><code value="display"/></use><value value="Segurança"/></designation></concept><concept><code value="000922"/><display value="Assistente Social"/><designation><language value="pt-BR"/><use><system value="http://terminology.hl7.org/CodeSystem/designation-usage"/><code value="display"/></use><value value="Assistente Social"/></designation></concept><concept><code value="000923"/><display value="Técnico de Enfermagem"/><designation><language value="pt-BR"/><use><system value="http://terminology.hl7.org/CodeSystem/designation-usage"/><code value="display"/></use><value value="Técnico de Enfermagem"/></designation></concept><concept><code value="000924"/><display value="Técnico de Veterinário"/><designation><language value="pt-BR"/><use><system value="http://terminology.hl7.org/CodeSystem/designation-usage"/><code value="display"/></use><value value="Técnico de Veterinário"/></designation></concept><concept><code value="000925"/><display value="Terapeuta Ocupacional"/><designation><language value="pt-BR"/><use><system value="http://terminology.hl7.org/CodeSystem/designation-usage"/><code value="display"/></use><value value="Terapeuta Ocupacional"/></designation></concept><concept><code value="000926"/><display value="Outros"/><designation><language value="pt-BR"/><use><system value="http://terminology.hl7.org/CodeSystem/designation-usage"/><code value="display"/></use><value value="Outros"/></designation></concept><concept><code value="000927"/><display value="Auxiliar de Enfermagem"/><designation><language value="pt-BR"/><use><system value="http://terminology.hl7.org/CodeSystem/designation-usage"/><code value="display"/></use><value value="Auxiliar de Enfermagem"/></designation></concept><concept><code value="000928"/><display value="Técnico de Odontologia"/><designation><language value="pt-BR"/><use><system value="http://terminology.hl7.org/CodeSystem/designation-usage"/><code value="display"/></use><value value="Técnico de Odontologia"/></designation></concept><concept><code value="000929"/><display value="Acadêmicos/estudantes em estágio em estabelecimentos de saúde"/><designation><language value="pt-BR"/><use><system value="http://terminology.hl7.org/CodeSystem/designation-usage"/><code value="display"/></use><value value="Acadêmicos/estudantes em estágio em estabelecimentos de saúde"/></designation></concept><concept><code value="000930"/><display value="Agente de Combate a Endemias - ACE"/><designation><language value="pt-BR"/><use><system value="http://terminology.hl7.org/CodeSystem/designation-usage"/><code value="display"/></use><value value="Agente de Combate a Endemias - ACE"/></designation></concept><concept><code value="000931"/><display value="Agente Comunitário de Saúde - ACS"/><designation><language value="pt-BR"/><use><system value="http://terminology.hl7.org/CodeSystem/designation-usage"/><code value="display"/></use><value value="Agente Comunitário de Saúde - ACS"/></designation></concept><concept><code value="000932"/><display value="Auxiliar em Saúde Bucal - ASB"/><designation><language value="pt-BR"/><use><system value="http://terminology.hl7.org/CodeSystem/designation-usage"/><code value="display"/></use><value value="Auxiliar em Saúde Bucal - ASB"/></designation></concept><concept><code value="000933"/><display value="Técnico em Saúde Bucal - TSB"/><designation><language value="pt-BR"/><use><system value="http://terminology.hl7.org/CodeSystem/designation-usage"/><code value="display"/></use><value value="Técnico em Saúde Bucal - TSB"/></designation></concept><concept><code value="001001"/><display value="Aéreo"/><designation><language value="pt-BR"/><use><system value="http://terminology.hl7.org/CodeSystem/designation-usage"/><code value="display"/></use><value value="Aéreo"/></designation></concept><concept><code value="001002"/><display value="Caminhoneiro"/><designation><language value="pt-BR"/><use><system value="http://terminology.hl7.org/CodeSystem/designation-usage"/><code value="display"/></use><value value="Caminhoneiro"/></designation></concept><concept><code value="001003"/><display value="Coletivo Rodoviário Passageiros Urbano e de Longo Curso"/><designation><language value="pt-BR"/><use><system value="http://terminology.hl7.org/CodeSystem/designation-usage"/><code value="display"/></use><value value="Coletivo Rodoviário Passageiros Urbano e de Longo Curso"/></designation></concept><concept><code value="001004"/><display value="Ferroviário"/><designation><language value="pt-BR"/><use><system value="http://terminology.hl7.org/CodeSystem/designation-usage"/><code value="display"/></use><value value="Ferroviário"/></designation></concept><concept><code value="001005"/><display value="Metroviário"/><designation><language value="pt-BR"/><use><system value="http://terminology.hl7.org/CodeSystem/designation-usage"/><code value="display"/></use><value value="Metroviário"/></designation></concept><concept><code value="001006"/><display value="Aquaviário"/><designation><language value="pt-BR"/><use><system value="http://terminology.hl7.org/CodeSystem/designation-usage"/><code value="display"/></use><value value="Aquaviário"/></designation></concept><concept><code value="001101"/><display value="Pessoas com Deficiência Institucionalizadas"/><designation><language value="pt-BR"/><use><system value="http://terminology.hl7.org/CodeSystem/designation-usage"/><code value="display"/></use><value value="Pessoas com Deficiência Institucionalizadas"/></designation></concept><concept><code value="001102"/><display value="Pessoas com Deficiência Permanente"/><designation><language value="pt-BR"/><use><system value="http://terminology.hl7.org/CodeSystem/designation-usage"/><code value="display"/></use><value value="Pessoas com Deficiência Permanente"/></designation></concept><concept><code value="001201"/><display value="Pessoas em Situação de Rua"/><designation><language value="pt-BR"/><use><system value="http://terminology.hl7.org/CodeSystem/designation-usage"/><code value="display"/></use><value value="Pessoas em Situação de Rua"/></designation></concept><concept><code value="001301"/><display value="Trabalhadores Portuários"/><designation><language value="pt-BR"/><use><system value="http://terminology.hl7.org/CodeSystem/designation-usage"/><code value="display"/></use><value value="Trabalhadores Portuários"/></designation></concept><concept><code value="001401"/><display value="Funcionário do Sistema de Privação de Liberdade"/><designation><language value="pt-BR"/><use><system value="http://terminology.hl7.org/CodeSystem/designation-usage"/><code value="display"/></use><value value="Funcionário do Sistema de Privação de Liberdade"/></designation></concept><concept><code value="001501"/><display value="População Privada de Liberdade"/><designation><language value="pt-BR"/><use><system value="http://terminology.hl7.org/CodeSystem/designation-usage"/><code value="display"/></use><value value="População Privada de Liberdade"/></designation></concept><concept><code value="001502"/><display value="Adolescentes cumprindo medidas Socioeducativas"/><designation><language value="pt-BR"/><use><system value="http://terminology.hl7.org/CodeSystem/designation-usage"/><code value="display"/></use><value value="Adolescentes cumprindo medidas Socioeducativas"/></designation></concept><concept><code value="001601"/><display value="Trabalhadores Industriais"/><designation><language value="pt-BR"/><use><system value="http://terminology.hl7.org/CodeSystem/designation-usage"/><code value="display"/></use><value value="Trabalhadores Industriais"/></designation></concept><concept><code value="001701"/><display value="Trabalhadores de limpeza urbana e manejo de resíduos sólidos"/><designation><language value="pt-BR"/><use><system value="http://terminology.hl7.org/CodeSystem/designation-usage"/><code value="display"/></use><value value="Trabalhadores de limpeza urbana e manejo de resíduos sólidos"/></designation></concept><concept><code value="001801"/><display value="Gestante"/><designation><language value="pt-BR"/><use><system value="http://terminology.hl7.org/CodeSystem/designation-usage"/><code value="display"/></use><value value="Gestante"/></designation></concept><concept><code value="001901"/><display value="Puérpera"/><designation><language value="pt-BR"/><use><system value="http://terminology.hl7.org/CodeSystem/designation-usage"/><code value="display"/></use><value value="Puérpera"/></designation></concept><concept><code value="002001"/><display value="População Rural"/><designation><language value="pt-BR"/><use><system value="http://terminology.hl7.org/CodeSystem/designation-usage"/><code value="display"/></use><value value="População Rural"/></designation></concept><concept><code value="999999"/><display value="Outros Grupos"/><designation><language value="pt-BR"/><use><system value="http://terminology.hl7.org/CodeSystem/designation-usage"/><code value="display"/></use><value value="Outros Grupos"/></designation><property><code value="inactive"/><valueBoolean value="true"/></property></concept></CodeSystem>