<?xml version="1.0" encoding="UTF-8"?><CodeSystem xmlns="http://hl7.org/fhir"><id value="BRViaAdministracao"/><language value="pt-BR"/><text><status value="generated"/><div xmlns="http://www.w3.org/1999/xhtml" xml:lang="pt-BR" lang="pt-BR"><p class="res-header-id"><b>Narrativa gerada: CodeSystem BRViaAdministracao</b></p><a name="BRViaAdministracao"> </a><a name="hcBRViaAdministracao"> </a><div style="display: inline-block; background-color: #d9e0e7; padding: 6px; margin: 4px; border: 1px solid #8da1b4; border-radius: 5px; line-height: 60%"><p style="margin-bottom: 0px">Língua: pt-BR</p></div><p>Este case-sensitive sistema de código <code>http://www.saude.gov.br/fhir/r4/CodeSystem/BRViaAdministracao</code> define o seguinte códigos:</p><table class="codes"><tr><td style="white-space:nowrap"><b>Código</b></td><td><b>Ecrã</b></td></tr><tr><td style="white-space:nowrap">0<a name="BRViaAdministracao-0"> </a></td><td>Sem registro no sistema de informação de origem</td></tr><tr><td style="white-space:nowrap">10862<a name="BRViaAdministracao-10862"> </a></td><td>Otológica</td></tr><tr><td style="white-space:nowrap">10863<a name="BRViaAdministracao-10863"> </a></td><td>Bucal</td></tr><tr><td style="white-space:nowrap">10864<a name="BRViaAdministracao-10864"> </a></td><td>Dermatológica</td></tr><tr><td style="white-space:nowrap">10865<a name="BRViaAdministracao-10865"> </a></td><td>Intracervical</td></tr><tr><td style="white-space:nowrap">10866<a name="BRViaAdministracao-10866"> </a></td><td>Endosinusial</td></tr><tr><td style="white-space:nowrap">10867<a name="BRViaAdministracao-10867"> </a></td><td>Endotraqueopulmonar</td></tr><tr><td style="white-space:nowrap">10868<a name="BRViaAdministracao-10868"> </a></td><td>Epidural</td></tr><tr><td style="white-space:nowrap">10869<a name="BRViaAdministracao-10869"> </a></td><td>Epilesional</td></tr><tr><td style="white-space:nowrap">10870<a name="BRViaAdministracao-10870"> </a></td><td>Extraminiótica</td></tr><tr><td style="white-space:nowrap">10871<a name="BRViaAdministracao-10871"> </a></td><td>Gastroenteral</td></tr><tr><td style="white-space:nowrap">10874<a name="BRViaAdministracao-10874"> </a></td><td>Inalatória</td></tr><tr><td style="white-space:nowrap">10875<a name="BRViaAdministracao-10875"> </a></td><td>Intra-aminiótica</td></tr><tr><td style="white-space:nowrap">10876<a name="BRViaAdministracao-10876"> </a></td><td>Intra-arterial</td></tr><tr><td style="white-space:nowrap">10877<a name="BRViaAdministracao-10877"> </a></td><td>Intra-articular</td></tr><tr><td style="white-space:nowrap">10878<a name="BRViaAdministracao-10878"> </a></td><td>Intrabursal</td></tr><tr><td style="white-space:nowrap">10879<a name="BRViaAdministracao-10879"> </a></td><td>Intracameral</td></tr><tr><td style="white-space:nowrap">10880<a name="BRViaAdministracao-10880"> </a></td><td>Intracardíaca</td></tr><tr><td style="white-space:nowrap">10881<a name="BRViaAdministracao-10881"> </a></td><td>Intracavernosa</td></tr><tr><td style="white-space:nowrap">10882<a name="BRViaAdministracao-10882"> </a></td><td>Intracerebroventricular</td></tr><tr><td style="white-space:nowrap">10884<a name="BRViaAdministracao-10884"> </a></td><td>Intracoronariana</td></tr><tr><td style="white-space:nowrap">10885<a name="BRViaAdministracao-10885"> </a></td><td>Intradérmica</td></tr><tr><td style="white-space:nowrap">10886<a name="BRViaAdministracao-10886"> </a></td><td>Intradiscal</td></tr><tr><td style="white-space:nowrap">10887<a name="BRViaAdministracao-10887"> </a></td><td>Intraepidermal</td></tr><tr><td style="white-space:nowrap">10888<a name="BRViaAdministracao-10888"> </a></td><td>Intralesional</td></tr><tr><td style="white-space:nowrap">10889<a name="BRViaAdministracao-10889"> </a></td><td>Intralinfática</td></tr><tr><td style="white-space:nowrap">10890<a name="BRViaAdministracao-10890"> </a></td><td>Intramuscular</td></tr><tr><td style="white-space:nowrap">10891<a name="BRViaAdministracao-10891"> </a></td><td>Intraocular</td></tr><tr><td style="white-space:nowrap">10892<a name="BRViaAdministracao-10892"> </a></td><td>Intraóssea</td></tr><tr><td style="white-space:nowrap">10893<a name="BRViaAdministracao-10893"> </a></td><td>Intraperitoneal</td></tr><tr><td style="white-space:nowrap">10894<a name="BRViaAdministracao-10894"> </a></td><td>Intrapleural</td></tr><tr><td style="white-space:nowrap">10895<a name="BRViaAdministracao-10895"> </a></td><td>Intraesternal</td></tr><tr><td style="white-space:nowrap">10896<a name="BRViaAdministracao-10896"> </a></td><td>Intratecal</td></tr><tr><td style="white-space:nowrap">10897<a name="BRViaAdministracao-10897"> </a></td><td>Intrauterina</td></tr><tr><td style="white-space:nowrap">10898<a name="BRViaAdministracao-10898"> </a></td><td>Intravenosa</td></tr><tr><td style="white-space:nowrap">10899<a name="BRViaAdministracao-10899"> </a></td><td>Intraventricular cardíaca</td></tr><tr><td style="white-space:nowrap">10900<a name="BRViaAdministracao-10900"> </a></td><td>Intravesical</td></tr><tr><td style="white-space:nowrap">10901<a name="BRViaAdministracao-10901"> </a></td><td>Intravitreal</td></tr><tr><td style="white-space:nowrap">10902<a name="BRViaAdministracao-10902"> </a></td><td>Iontoforese</td></tr><tr><td style="white-space:nowrap">10903<a name="BRViaAdministracao-10903"> </a></td><td>Irrigação</td></tr><tr><td style="white-space:nowrap">10904<a name="BRViaAdministracao-10904"> </a></td><td>Nasal</td></tr><tr><td style="white-space:nowrap">10905<a name="BRViaAdministracao-10905"> </a></td><td>Inalatória por Via Nasal</td></tr><tr><td style="white-space:nowrap">10906<a name="BRViaAdministracao-10906"> </a></td><td>Oftálmica</td></tr><tr><td style="white-space:nowrap">10907<a name="BRViaAdministracao-10907"> </a></td><td>Oral</td></tr><tr><td style="white-space:nowrap">10908<a name="BRViaAdministracao-10908"> </a></td><td>Inalatória por Via Oral</td></tr><tr><td style="white-space:nowrap">10910<a name="BRViaAdministracao-10910"> </a></td><td>Periarticular</td></tr><tr><td style="white-space:nowrap">10911<a name="BRViaAdministracao-10911"> </a></td><td>Perineural</td></tr><tr><td style="white-space:nowrap">10912<a name="BRViaAdministracao-10912"> </a></td><td>Retal</td></tr><tr><td style="white-space:nowrap">10913<a name="BRViaAdministracao-10913"> </a></td><td>Perfusão Regional</td></tr><tr><td style="white-space:nowrap">10915<a name="BRViaAdministracao-10915"> </a></td><td>Subconjuntival</td></tr><tr><td style="white-space:nowrap">10916<a name="BRViaAdministracao-10916"> </a></td><td>Subcutânea</td></tr><tr><td style="white-space:nowrap">10917<a name="BRViaAdministracao-10917"> </a></td><td>Sublingual</td></tr><tr><td style="white-space:nowrap">10919<a name="BRViaAdministracao-10919"> </a></td><td>Transdérmica</td></tr><tr><td style="white-space:nowrap">10920<a name="BRViaAdministracao-10920"> </a></td><td>Uretral</td></tr><tr><td style="white-space:nowrap">10921<a name="BRViaAdministracao-10921"> </a></td><td>Vaginal</td></tr><tr><td style="white-space:nowrap">10922<a name="BRViaAdministracao-10922"> </a></td><td>Capilar</td></tr><tr><td style="white-space:nowrap">10923<a name="BRViaAdministracao-10923"> </a></td><td>Não disponível</td></tr><tr><td style="white-space:nowrap">10926<a name="BRViaAdministracao-10926"> </a></td><td>Local</td></tr><tr><td style="white-space:nowrap">10928<a name="BRViaAdministracao-10928"> </a></td><td>Parenteral</td></tr><tr><td style="white-space:nowrap">244899<a name="BRViaAdministracao-244899"> </a></td><td>Peridural</td></tr><tr><td style="white-space:nowrap">459120<a name="BRViaAdministracao-459120"> </a></td><td>Espinhal</td></tr><tr><td style="white-space:nowrap">459530<a name="BRViaAdministracao-459530"> </a></td><td>Subcapsular</td></tr><tr><td style="white-space:nowrap">459531<a name="BRViaAdministracao-459531"> </a></td><td>Intratraqueal</td></tr><tr><td style="white-space:nowrap">464156<a name="BRViaAdministracao-464156"> </a></td><td>Intrabronquial</td></tr><tr><td style="white-space:nowrap">464157<a name="BRViaAdministracao-464157"> </a></td><td>Subtenoniana</td></tr><tr><td style="white-space:nowrap">464158<a name="BRViaAdministracao-464158"> </a></td><td>Tecidos Moles</td></tr><tr><td style="white-space:nowrap">464159<a name="BRViaAdministracao-464159"> </a></td><td>Mucosa Oral</td></tr><tr><td style="white-space:nowrap">608807<a name="BRViaAdministracao-608807"> </a></td><td>Retrobulbar</td></tr><tr><td style="white-space:nowrap">608808<a name="BRViaAdministracao-608808"> </a></td><td>Infiltração</td></tr><tr><td style="white-space:nowrap">779038<a name="BRViaAdministracao-779038"> </a></td><td>Mucosa</td></tr></table><p><b>Ecrãs de idiomas adicionais</b></p><table class="codes"><tr><td><b>Código</b></td><td><b>English (English, en)</b></td><td><b>Spanish (es)</b></td></tr><tr><td>0</td><td>No registration in the source information system</td><td>Sin registro en el sistema de información de fuentes</td></tr><tr><td>10862</td><td>Auricular</td><td>Auricular</td></tr><tr><td>10863</td><td>Buccal</td><td>Bucal</td></tr><tr><td>10864</td><td>Cutaneous</td><td>Cutáneo</td></tr><tr><td>10865</td><td>Intracervical</td><td>Intracervical</td></tr><tr><td>10866</td><td>Endosinusal</td><td>Endosinusal</td></tr><tr><td>10867</td><td>Endotracheopulmonary</td><td>Endotraqueopulmonar</td></tr><tr><td>10868</td><td>Epidural</td><td>Epidural</td></tr><tr><td>10869</td><td>Epilesional</td><td>Epilesional</td></tr><tr><td>10870</td><td>Extra-amniotic</td><td>Extraamniótico</td></tr><tr><td>10871</td><td>Gastroenteral</td><td>Gastroenteral</td></tr><tr><td>10874</td><td>Inhalation</td><td>Inhalación</td></tr><tr><td>10875</td><td>Intra-amniotic</td><td>Intraamniótico</td></tr><tr><td>10876</td><td>Intra-arterial</td><td>Intraarterial</td></tr><tr><td>10877</td><td>Intra-articular</td><td>Intraarticular</td></tr><tr><td>10878</td><td>Intrabursal</td><td>Intrabursal</td></tr><tr><td>10879</td><td>Intracameral</td><td>Intracameral</td></tr><tr><td>10880</td><td>Intracardiac</td><td>Intracardiaco</td></tr><tr><td>10881</td><td>Intracavernous</td><td>Intracavernoso</td></tr><tr><td>10882</td><td>Intracerebroventricular</td><td>Intracerebroventricular</td></tr><tr><td>10884</td><td>Intracoronary</td><td>Intracoronario</td></tr><tr><td>10885</td><td>Intradermal</td><td>Intradérmica</td></tr><tr><td>10886</td><td>Intradiscal</td><td>Intradiscal</td></tr><tr><td>10887</td><td>Intraepidermal</td><td>Intraepidérmico</td></tr><tr><td>10888</td><td>Intra-lesional</td><td>Intralesional</td></tr><tr><td>10889</td><td>Intra-lymphatic</td><td>Intralinfática</td></tr><tr><td>10890</td><td>Intramuscular</td><td>Intramuscular</td></tr><tr><td>10891</td><td>Intraocular</td><td>Intraocular</td></tr><tr><td>10892</td><td>Intraosseous</td><td>Intraóseo</td></tr><tr><td>10893</td><td>Intraperitoneal</td><td>Intraperitoneal</td></tr><tr><td>10894</td><td>Intrapleural</td><td>Intrapleural</td></tr><tr><td>10895</td><td>Intra-sternal</td><td>Intraósea Esternal</td></tr><tr><td>10896</td><td>Intrathecal</td><td>Intratecal</td></tr><tr><td>10897</td><td>Intrauterine</td><td>Intrauterino</td></tr><tr><td>10898</td><td>Intravenous</td><td>Intravenosa</td></tr><tr><td>10899</td><td>Intraventricular cardiac</td><td>Intraventricular cardiaco</td></tr><tr><td>10900</td><td>Intravesical</td><td>Intravesical</td></tr><tr><td>10901</td><td>Intravitreal</td><td>Intravítreo</td></tr><tr><td>10902</td><td>Iontophoresis</td><td>Iontoforesis</td></tr><tr><td>10903</td><td>Irrigation</td><td>Irrigación</td></tr><tr><td>10904</td><td>Nasal</td><td>Nasal</td></tr><tr><td>10905</td><td>Nasal Inhalation (restricted to nasal admnistration)</td><td>Inhalación Nasal (restringida a la administración nasal)</td></tr><tr><td>10906</td><td>Ocular (Ophtalmic)</td><td>Ocular (oftálmico)</td></tr><tr><td>10907</td><td>Oral</td><td>Oral</td></tr><tr><td>10908</td><td>Oral Inhalation (restricted to oral admnistration)</td><td>Inhalación Oral (restringida a la administración oral)</td></tr><tr><td>10910</td><td>Periarticular</td><td>Periarticular</td></tr><tr><td>10911</td><td>Perineural</td><td>Perineural</td></tr><tr><td>10912</td><td>Rectal</td><td>Rectal</td></tr><tr><td>10913</td><td>Regional Perfusion</td><td>Perfusión regional</td></tr><tr><td>10915</td><td>Subconjunctival</td><td>Subconjuntival</td></tr><tr><td>10916</td><td>Subcutaneous</td><td>Subcutáneo</td></tr><tr><td>10917</td><td>Sublingual</td><td>Sublingual</td></tr><tr><td>10919</td><td>Transdermal</td><td>Transdérmico</td></tr><tr><td>10920</td><td>Urethral</td><td>Uretral</td></tr><tr><td>10921</td><td>Vaginal</td><td>Vaginal</td></tr><tr><td>10922</td><td>Scalp (Capillary Action)</td><td>Cuero Cabelludo (Acción Capilar)</td></tr><tr><td>10923</td><td>Unavailable</td><td>Indisponible</td></tr><tr><td>10926</td><td>Local</td><td>Local</td></tr><tr><td>10928</td><td>Parenteral</td><td>Parenteral</td></tr><tr><td>244899</td><td>Peridural</td><td>Peridural</td></tr><tr><td>459120</td><td>Spinal</td><td>Espinal</td></tr><tr><td>459530</td><td>Subcapsular</td><td>Subcapsular</td></tr><tr><td>459531</td><td>Intratracheal</td><td>Intratraqueal</td></tr><tr><td>464156</td><td>Intrabronchial</td><td>Intrabronquial</td></tr><tr><td>464157</td><td>Subtenonian</td><td>Subtenoniano</td></tr><tr><td>464158</td><td>Soft Tissue</td><td>Tejido Suave</td></tr><tr><td>464159</td><td>Oromucosal</td><td>Mucosa Oral</td></tr><tr><td>608807</td><td>Retrobulbar</td><td>Retrobulbar</td></tr><tr><td>608808</td><td>Infiltration</td><td>Infiltración</td></tr><tr><td>779038</td><td>Mucosal</td><td>Mucosa</td></tr></table></div></text><extension url="http://hl7.org/fhir/StructureDefinition/structuredefinition-fmm"><valueInteger value="1"><extension url="http://hl7.org/fhir/StructureDefinition/structuredefinition-conformance-derivedFrom"><valueCanonical value="http://www.saude.gov.br/fhir/r4/ImplementationGuide/br.gov.saude.ria.fhir"/></extension></valueInteger></extension><extension url="http://hl7.org/fhir/StructureDefinition/structuredefinition-standards-status"><valueCode value="informative"><extension url="http://hl7.org/fhir/StructureDefinition/structuredefinition-conformance-derivedFrom"><valueCanonical value="http://www.saude.gov.br/fhir/r4/ImplementationGuide/br.gov.saude.ria.fhir"/></extension></valueCode></extension><url value="http://www.saude.gov.br/fhir/r4/CodeSystem/BRViaAdministracao"/><version value="0.1.0"/><name value="BRViaAdministracao"/><title value="Via de Administração"/><status value="active"/><experimental value="false"/><date value="2020-03-11T18:28:42.5310735+00:00"/><publisher value="Ministério da Saúde do Brasil"/><contact><telecom><system value="url"/><value value="http://www.saude.gov.br"/></telecom></contact><description value="Classifica a via na qual foi administrada uma substância em um indivíduo."/><jurisdiction><coding><system value="urn:iso:std:iso:3166"/><code value="BR"/></coding></jurisdiction><caseSensitive value="true"/><content value="complete"/><concept><code value="0"/><display value="Sem registro no sistema de informação de origem"/><designation><language value="en"/><value value="No registration in the source information system"/></designation><designation><language value="es"/><value value="Sin registro en el sistema de información de fuentes"/></designation><designation><language value="pt-BR"/><use><system value="http://terminology.hl7.org/CodeSystem/designation-usage"/><code value="display"/></use><value value="Sem registro no sistema de informação de origem"/></designation></concept><concept><code value="10862"/><display value="Otológica"/><designation><language value="en"/><value value="Auricular"/></designation><designation><language value="es"/><value value="Auricular"/></designation><designation><language value="pt-BR"/><use><system value="http://terminology.hl7.org/CodeSystem/designation-usage"/><code value="display"/></use><value value="Otológica"/></designation></concept><concept><code value="10863"/><display value="Bucal"/><designation><language value="en"/><value value="Buccal"/></designation><designation><language value="es"/><value value="Bucal"/></designation><designation><language value="pt-BR"/><use><system value="http://terminology.hl7.org/CodeSystem/designation-usage"/><code value="display"/></use><value value="Bucal"/></designation></concept><concept><code value="10864"/><display value="Dermatológica"/><designation><language value="en"/><value value="Cutaneous"/></designation><designation><language value="es"/><value value="Cutáneo"/></designation><designation><language value="pt-BR"/><use><system value="http://terminology.hl7.org/CodeSystem/designation-usage"/><code value="display"/></use><value value="Dermatológica"/></designation></concept><concept><code value="10865"/><display value="Intracervical"/><designation><language value="en"/><value value="Intracervical"/></designation><designation><language value="es"/><value value="Intracervical"/></designation><designation><language value="pt-BR"/><use><system value="http://terminology.hl7.org/CodeSystem/designation-usage"/><code value="display"/></use><value value="Intracervical"/></designation></concept><concept><code value="10866"/><display value="Endosinusial"/><designation><language value="en"/><value value="Endosinusal"/></designation><designation><language value="es"/><value value="Endosinusal"/></designation><designation><language value="pt-BR"/><use><system value="http://terminology.hl7.org/CodeSystem/designation-usage"/><code value="display"/></use><value value="Endosinusial"/></designation></concept><concept><code value="10867"/><display value="Endotraqueopulmonar"/><designation><language value="en"/><value value="Endotracheopulmonary"/></designation><designation><language value="es"/><value value="Endotraqueopulmonar"/></designation><designation><language value="pt-BR"/><use><system value="http://terminology.hl7.org/CodeSystem/designation-usage"/><code value="display"/></use><value value="Endotraqueopulmonar"/></designation></concept><concept><code value="10868"/><display value="Epidural"/><designation><language value="en"/><value value="Epidural"/></designation><designation><language value="es"/><value value="Epidural"/></designation><designation><language value="pt-BR"/><use><system value="http://terminology.hl7.org/CodeSystem/designation-usage"/><code value="display"/></use><value value="Epidural"/></designation></concept><concept><code value="10869"/><display value="Epilesional"/><designation><language value="en"/><value value="Epilesional"/></designation><designation><language value="es"/><value value="Epilesional"/></designation><designation><language value="pt-BR"/><use><system value="http://terminology.hl7.org/CodeSystem/designation-usage"/><code value="display"/></use><value value="Epilesional"/></designation></concept><concept><code value="10870"/><display value="Extraminiótica"/><designation><language value="en"/><value value="Extra-amniotic"/></designation><designation><language value="es"/><value value="Extraamniótico"/></designation><designation><language value="pt-BR"/><use><system value="http://terminology.hl7.org/CodeSystem/designation-usage"/><code value="display"/></use><value value="Extraminiótica"/></designation></concept><concept><code value="10871"/><display value="Gastroenteral"/><designation><language value="en"/><value value="Gastroenteral"/></designation><designation><language value="es"/><value value="Gastroenteral"/></designation><designation><language value="pt-BR"/><use><system value="http://terminology.hl7.org/CodeSystem/designation-usage"/><code value="display"/></use><value value="Gastroenteral"/></designation></concept><concept><code value="10874"/><display value="Inalatória"/><designation><language value="en"/><value value="Inhalation"/></designation><designation><language value="es"/><value value="Inhalación"/></designation><designation><language value="pt-BR"/><use><system value="http://terminology.hl7.org/CodeSystem/designation-usage"/><code value="display"/></use><value value="Inalatória"/></designation></concept><concept><code value="10875"/><display value="Intra-aminiótica"/><designation><language value="en"/><value value="Intra-amniotic"/></designation><designation><language value="es"/><value value="Intraamniótico"/></designation><designation><language value="pt-BR"/><use><system value="http://terminology.hl7.org/CodeSystem/designation-usage"/><code value="display"/></use><value value="Intra-aminiótica"/></designation></concept><concept><code value="10876"/><display value="Intra-arterial"/><designation><language value="en"/><value value="Intra-arterial"/></designation><designation><language value="es"/><value value="Intraarterial"/></designation><designation><language value="pt-BR"/><use><system value="http://terminology.hl7.org/CodeSystem/designation-usage"/><code value="display"/></use><value value="Intra-arterial"/></designation></concept><concept><code value="10877"/><display value="Intra-articular"/><designation><language value="en"/><value value="Intra-articular"/></designation><designation><language value="es"/><value value="Intraarticular"/></designation><designation><language value="pt-BR"/><use><system value="http://terminology.hl7.org/CodeSystem/designation-usage"/><code value="display"/></use><value value="Intra-articular"/></designation></concept><concept><code value="10878"/><display value="Intrabursal"/><designation><language value="en"/><value value="Intrabursal"/></designation><designation><language value="es"/><value value="Intrabursal"/></designation><designation><language value="pt-BR"/><use><system value="http://terminology.hl7.org/CodeSystem/designation-usage"/><code value="display"/></use><value value="Intrabursal"/></designation></concept><concept><code value="10879"/><display value="Intracameral"/><designation><language value="en"/><value value="Intracameral"/></designation><designation><language value="es"/><value value="Intracameral"/></designation><designation><language value="pt-BR"/><use><system value="http://terminology.hl7.org/CodeSystem/designation-usage"/><code value="display"/></use><value value="Intracameral"/></designation></concept><concept><code value="10880"/><display value="Intracardíaca"/><designation><language value="en"/><value value="Intracardiac"/></designation><designation><language value="es"/><value value="Intracardiaco"/></designation><designation><language value="pt-BR"/><use><system value="http://terminology.hl7.org/CodeSystem/designation-usage"/><code value="display"/></use><value value="Intracardíaca"/></designation></concept><concept><code value="10881"/><display value="Intracavernosa"/><designation><language value="en"/><value value="Intracavernous"/></designation><designation><language value="es"/><value value="Intracavernoso"/></designation><designation><language value="pt-BR"/><use><system value="http://terminology.hl7.org/CodeSystem/designation-usage"/><code value="display"/></use><value value="Intracavernosa"/></designation></concept><concept><code value="10882"/><display value="Intracerebroventricular"/><designation><language value="en"/><value value="Intracerebroventricular"/></designation><designation><language value="es"/><value value="Intracerebroventricular"/></designation><designation><language value="pt-BR"/><use><system value="http://terminology.hl7.org/CodeSystem/designation-usage"/><code value="display"/></use><value value="Intracerebroventricular"/></designation></concept><concept><code value="10884"/><display value="Intracoronariana"/><designation><language value="en"/><value value="Intracoronary"/></designation><designation><language value="es"/><value value="Intracoronario"/></designation><designation><language value="pt-BR"/><use><system value="http://terminology.hl7.org/CodeSystem/designation-usage"/><code value="display"/></use><value value="Intracoronariana"/></designation></concept><concept><code value="10885"/><display value="Intradérmica"/><designation><language value="en"/><value value="Intradermal"/></designation><designation><language value="es"/><value value="Intradérmica"/></designation><designation><language value="pt-BR"/><use><system value="http://terminology.hl7.org/CodeSystem/designation-usage"/><code value="display"/></use><value value="Intradérmica"/></designation></concept><concept><code value="10886"/><display value="Intradiscal"/><designation><language value="en"/><value value="Intradiscal"/></designation><designation><language value="es"/><value value="Intradiscal"/></designation><designation><language value="pt-BR"/><use><system value="http://terminology.hl7.org/CodeSystem/designation-usage"/><code value="display"/></use><value value="Intradiscal"/></designation></concept><concept><code value="10887"/><display value="Intraepidermal"/><designation><language value="en"/><value value="Intraepidermal"/></designation><designation><language value="es"/><value value="Intraepidérmico"/></designation><designation><language value="pt-BR"/><use><system value="http://terminology.hl7.org/CodeSystem/designation-usage"/><code value="display"/></use><value value="Intraepidermal"/></designation></concept><concept><code value="10888"/><display value="Intralesional"/><designation><language value="en"/><value value="Intra-lesional"/></designation><designation><language value="es"/><value value="Intralesional"/></designation><designation><language value="pt-BR"/><use><system value="http://terminology.hl7.org/CodeSystem/designation-usage"/><code value="display"/></use><value value="Intralesional"/></designation></concept><concept><code value="10889"/><display value="Intralinfática"/><designation><language value="en"/><value value="Intra-lymphatic"/></designation><designation><language value="es"/><value value="Intralinfática"/></designation><designation><language value="pt-BR"/><use><system value="http://terminology.hl7.org/CodeSystem/designation-usage"/><code value="display"/></use><value value="Intralinfática"/></designation></concept><concept><code value="10890"/><display value="Intramuscular"/><designation><language value="en"/><value value="Intramuscular"/></designation><designation><language value="es"/><value value="Intramuscular"/></designation><designation><language value="pt-BR"/><use><system value="http://terminology.hl7.org/CodeSystem/designation-usage"/><code value="display"/></use><value value="Intramuscular"/></designation></concept><concept><code value="10891"/><display value="Intraocular"/><designation><language value="en"/><value value="Intraocular"/></designation><designation><language value="es"/><value value="Intraocular"/></designation><designation><language value="pt-BR"/><use><system value="http://terminology.hl7.org/CodeSystem/designation-usage"/><code value="display"/></use><value value="Intraocular"/></designation></concept><concept><code value="10892"/><display value="Intraóssea"/><designation><language value="en"/><value value="Intraosseous"/></designation><designation><language value="es"/><value value="Intraóseo"/></designation><designation><language value="pt-BR"/><use><system value="http://terminology.hl7.org/CodeSystem/designation-usage"/><code value="display"/></use><value value="Intraóssea"/></designation></concept><concept><code value="10893"/><display value="Intraperitoneal"/><designation><language value="en"/><value value="Intraperitoneal"/></designation><designation><language value="es"/><value value="Intraperitoneal"/></designation><designation><language value="pt-BR"/><use><system value="http://terminology.hl7.org/CodeSystem/designation-usage"/><code value="display"/></use><value value="Intraperitoneal"/></designation></concept><concept><code value="10894"/><display value="Intrapleural"/><designation><language value="en"/><value value="Intrapleural"/></designation><designation><language value="es"/><value value="Intrapleural"/></designation><designation><language value="pt-BR"/><use><system value="http://terminology.hl7.org/CodeSystem/designation-usage"/><code value="display"/></use><value value="Intrapleural"/></designation></concept><concept><code value="10895"/><display value="Intraesternal"/><designation><language value="en"/><value value="Intra-sternal"/></designation><designation><language value="es"/><value value="Intraósea Esternal"/></designation><designation><language value="pt-BR"/><use><system value="http://terminology.hl7.org/CodeSystem/designation-usage"/><code value="display"/></use><value value="Intraesternal"/></designation></concept><concept><code value="10896"/><display value="Intratecal"/><designation><language value="en"/><value value="Intrathecal"/></designation><designation><language value="es"/><value value="Intratecal"/></designation><designation><language value="pt-BR"/><use><system value="http://terminology.hl7.org/CodeSystem/designation-usage"/><code value="display"/></use><value value="Intratecal"/></designation></concept><concept><code value="10897"/><display value="Intrauterina"/><designation><language value="en"/><value value="Intrauterine"/></designation><designation><language value="es"/><value value="Intrauterino"/></designation><designation><language value="pt-BR"/><use><system value="http://terminology.hl7.org/CodeSystem/designation-usage"/><code value="display"/></use><value value="Intrauterina"/></designation></concept><concept><code value="10898"/><display value="Intravenosa"/><designation><language value="en"/><value value="Intravenous"/></designation><designation><language value="es"/><value value="Intravenosa"/></designation><designation><language value="pt-BR"/><use><system value="http://terminology.hl7.org/CodeSystem/designation-usage"/><code value="display"/></use><value value="Intravenosa"/></designation></concept><concept><code value="10899"/><display value="Intraventricular cardíaca"/><designation><language value="en"/><value value="Intraventricular cardiac"/></designation><designation><language value="es"/><value value="Intraventricular cardiaco"/></designation><designation><language value="pt-BR"/><use><system value="http://terminology.hl7.org/CodeSystem/designation-usage"/><code value="display"/></use><value value="Intraventricular cardíaca"/></designation></concept><concept><code value="10900"/><display value="Intravesical"/><designation><language value="en"/><value value="Intravesical"/></designation><designation><language value="es"/><value value="Intravesical"/></designation><designation><language value="pt-BR"/><use><system value="http://terminology.hl7.org/CodeSystem/designation-usage"/><code value="display"/></use><value value="Intravesical"/></designation></concept><concept><code value="10901"/><display value="Intravitreal"/><designation><language value="en"/><value value="Intravitreal"/></designation><designation><language value="es"/><value value="Intravítreo"/></designation><designation><language value="pt-BR"/><use><system value="http://terminology.hl7.org/CodeSystem/designation-usage"/><code value="display"/></use><value value="Intravitreal"/></designation></concept><concept><code value="10902"/><display value="Iontoforese"/><designation><language value="en"/><value value="Iontophoresis"/></designation><designation><language value="es"/><value value="Iontoforesis"/></designation><designation><language value="pt-BR"/><use><system value="http://terminology.hl7.org/CodeSystem/designation-usage"/><code value="display"/></use><value value="Iontoforese"/></designation></concept><concept><code value="10903"/><display value="Irrigação"/><designation><language value="en"/><value value="Irrigation"/></designation><designation><language value="es"/><value value="Irrigación"/></designation><designation><language value="pt-BR"/><use><system value="http://terminology.hl7.org/CodeSystem/designation-usage"/><code value="display"/></use><value value="Irrigação"/></designation></concept><concept><code value="10904"/><display value="Nasal"/><designation><language value="en"/><value value="Nasal"/></designation><designation><language value="es"/><value value="Nasal"/></designation><designation><language value="pt-BR"/><use><system value="http://terminology.hl7.org/CodeSystem/designation-usage"/><code value="display"/></use><value value="Nasal"/></designation></concept><concept><code value="10905"/><display value="Inalatória por Via Nasal"/><designation><language value="en"/><value value="Nasal Inhalation (restricted to nasal admnistration)"/></designation><designation><language value="es"/><value value="Inhalación Nasal (restringida a la administración nasal)"/></designation><designation><language value="pt-BR"/><use><system value="http://terminology.hl7.org/CodeSystem/designation-usage"/><code value="display"/></use><value value="Inalatória por Via Nasal"/></designation></concept><concept><code value="10906"/><display value="Oftálmica"/><designation><language value="en"/><value value="Ocular (Ophtalmic)"/></designation><designation><language value="es"/><value value="Ocular (oftálmico)"/></designation><designation><language value="pt-BR"/><use><system value="http://terminology.hl7.org/CodeSystem/designation-usage"/><code value="display"/></use><value value="Oftálmica"/></designation></concept><concept><code value="10907"/><display value="Oral"/><designation><language value="en"/><value value="Oral"/></designation><designation><language value="es"/><value value="Oral"/></designation><designation><language value="pt-BR"/><use><system value="http://terminology.hl7.org/CodeSystem/designation-usage"/><code value="display"/></use><value value="Oral"/></designation></concept><concept><code value="10908"/><display value="Inalatória por Via Oral"/><designation><language value="en"/><value value="Oral Inhalation (restricted to oral admnistration)"/></designation><designation><language value="es"/><value value="Inhalación Oral (restringida a la administración oral)"/></designation><designation><language value="pt-BR"/><use><system value="http://terminology.hl7.org/CodeSystem/designation-usage"/><code value="display"/></use><value value="Inalatória por Via Oral"/></designation></concept><concept><code value="10910"/><display value="Periarticular"/><designation><language value="en"/><value value="Periarticular"/></designation><designation><language value="es"/><value value="Periarticular"/></designation><designation><language value="pt-BR"/><use><system value="http://terminology.hl7.org/CodeSystem/designation-usage"/><code value="display"/></use><value value="Periarticular"/></designation></concept><concept><code value="10911"/><display value="Perineural"/><designation><language value="en"/><value value="Perineural"/></designation><designation><language value="es"/><value value="Perineural"/></designation><designation><language value="pt-BR"/><use><system value="http://terminology.hl7.org/CodeSystem/designation-usage"/><code value="display"/></use><value value="Perineural"/></designation></concept><concept><code value="10912"/><display value="Retal"/><designation><language value="en"/><value value="Rectal"/></designation><designation><language value="es"/><value value="Rectal"/></designation><designation><language value="pt-BR"/><use><system value="http://terminology.hl7.org/CodeSystem/designation-usage"/><code value="display"/></use><value value="Retal"/></designation></concept><concept><code value="10913"/><display value="Perfusão Regional"/><designation><language value="en"/><value value="Regional Perfusion"/></designation><designation><language value="es"/><value value="Perfusión regional"/></designation><designation><language value="pt-BR"/><use><system value="http://terminology.hl7.org/CodeSystem/designation-usage"/><code value="display"/></use><value value="Perfusão Regional"/></designation></concept><concept><code value="10915"/><display value="Subconjuntival"/><designation><language value="en"/><value value="Subconjunctival"/></designation><designation><language value="es"/><value value="Subconjuntival"/></designation><designation><language value="pt-BR"/><use><system value="http://terminology.hl7.org/CodeSystem/designation-usage"/><code value="display"/></use><value value="Subconjuntival"/></designation></concept><concept><code value="10916"/><display value="Subcutânea"/><designation><language value="en"/><value value="Subcutaneous"/></designation><designation><language value="es"/><value value="Subcutáneo"/></designation><designation><language value="pt-BR"/><use><system value="http://terminology.hl7.org/CodeSystem/designation-usage"/><code value="display"/></use><value value="Subcutânea"/></designation></concept><concept><code value="10917"/><display value="Sublingual"/><designation><language value="en"/><value value="Sublingual"/></designation><designation><language value="es"/><value value="Sublingual"/></designation><designation><language value="pt-BR"/><use><system value="http://terminology.hl7.org/CodeSystem/designation-usage"/><code value="display"/></use><value value="Sublingual"/></designation></concept><concept><code value="10919"/><display value="Transdérmica"/><designation><language value="en"/><value value="Transdermal"/></designation><designation><language value="es"/><value value="Transdérmico"/></designation><designation><language value="pt-BR"/><use><system value="http://terminology.hl7.org/CodeSystem/designation-usage"/><code value="display"/></use><value value="Transdérmica"/></designation></concept><concept><code value="10920"/><display value="Uretral"/><designation><language value="en"/><value value="Urethral"/></designation><designation><language value="es"/><value value="Uretral"/></designation><designation><language value="pt-BR"/><use><system value="http://terminology.hl7.org/CodeSystem/designation-usage"/><code value="display"/></use><value value="Uretral"/></designation></concept><concept><code value="10921"/><display value="Vaginal"/><designation><language value="en"/><value value="Vaginal"/></designation><designation><language value="es"/><value value="Vaginal"/></designation><designation><language value="pt-BR"/><use><system value="http://terminology.hl7.org/CodeSystem/designation-usage"/><code value="display"/></use><value value="Vaginal"/></designation></concept><concept><code value="10922"/><display value="Capilar"/><designation><language value="en"/><value value="Scalp (Capillary Action)"/></designation><designation><language value="es"/><value value="Cuero Cabelludo (Acción Capilar)"/></designation><designation><language value="pt-BR"/><use><system value="http://terminology.hl7.org/CodeSystem/designation-usage"/><code value="display"/></use><value value="Capilar"/></designation></concept><concept><code value="10923"/><display value="Não disponível"/><designation><language value="en"/><value value="Unavailable"/></designation><designation><language value="es"/><value value="Indisponible"/></designation><designation><language value="pt-BR"/><use><system value="http://terminology.hl7.org/CodeSystem/designation-usage"/><code value="display"/></use><value value="Não disponível"/></designation></concept><concept><code value="10926"/><display value="Local"/><designation><language value="en"/><value value="Local"/></designation><designation><language value="es"/><value value="Local"/></designation><designation><language value="pt-BR"/><use><system value="http://terminology.hl7.org/CodeSystem/designation-usage"/><code value="display"/></use><value value="Local"/></designation></concept><concept><code value="10928"/><display value="Parenteral"/><designation><language value="en"/><value value="Parenteral"/></designation><designation><language value="es"/><value value="Parenteral"/></designation><designation><language value="pt-BR"/><use><system value="http://terminology.hl7.org/CodeSystem/designation-usage"/><code value="display"/></use><value value="Parenteral"/></designation></concept><concept><code value="244899"/><display value="Peridural"/><designation><language value="en"/><value value="Peridural"/></designation><designation><language value="es"/><value value="Peridural"/></designation><designation><language value="pt-BR"/><use><system value="http://terminology.hl7.org/CodeSystem/designation-usage"/><code value="display"/></use><value value="Peridural"/></designation></concept><concept><code value="459120"/><display value="Espinhal"/><designation><language value="en"/><value value="Spinal"/></designation><designation><language value="es"/><value value="Espinal"/></designation><designation><language value="pt-BR"/><use><system value="http://terminology.hl7.org/CodeSystem/designation-usage"/><code value="display"/></use><value value="Espinhal"/></designation></concept><concept><code value="459530"/><display value="Subcapsular"/><designation><language value="en"/><value value="Subcapsular"/></designation><designation><language value="es"/><value value="Subcapsular"/></designation><designation><language value="pt-BR"/><use><system value="http://terminology.hl7.org/CodeSystem/designation-usage"/><code value="display"/></use><value value="Subcapsular"/></designation></concept><concept><code value="459531"/><display value="Intratraqueal"/><designation><language value="en"/><value value="Intratracheal"/></designation><designation><language value="es"/><value value="Intratraqueal"/></designation><designation><language value="pt-BR"/><use><system value="http://terminology.hl7.org/CodeSystem/designation-usage"/><code value="display"/></use><value value="Intratraqueal"/></designation></concept><concept><code value="464156"/><display value="Intrabronquial"/><designation><language value="en"/><value value="Intrabronchial"/></designation><designation><language value="es"/><value value="Intrabronquial"/></designation><designation><language value="pt-BR"/><use><system value="http://terminology.hl7.org/CodeSystem/designation-usage"/><code value="display"/></use><value value="Intrabronquial"/></designation></concept><concept><code value="464157"/><display value="Subtenoniana"/><designation><language value="en"/><value value="Subtenonian"/></designation><designation><language value="es"/><value value="Subtenoniano"/></designation><designation><language value="pt-BR"/><use><system value="http://terminology.hl7.org/CodeSystem/designation-usage"/><code value="display"/></use><value value="Subtenoniana"/></designation></concept><concept><code value="464158"/><display value="Tecidos Moles"/><designation><language value="en"/><value value="Soft Tissue"/></designation><designation><language value="es"/><value value="Tejido Suave"/></designation><designation><language value="pt-BR"/><use><system value="http://terminology.hl7.org/CodeSystem/designation-usage"/><code value="display"/></use><value value="Tecidos Moles"/></designation></concept><concept><code value="464159"/><display value="Mucosa Oral"/><designation><language value="en"/><value value="Oromucosal"/></designation><designation><language value="es"/><value value="Mucosa Oral"/></designation><designation><language value="pt-BR"/><use><system value="http://terminology.hl7.org/CodeSystem/designation-usage"/><code value="display"/></use><value value="Mucosa Oral"/></designation></concept><concept><code value="608807"/><display value="Retrobulbar"/><designation><language value="en"/><value value="Retrobulbar"/></designation><designation><language value="es"/><value value="Retrobulbar"/></designation><designation><language value="pt-BR"/><use><system value="http://terminology.hl7.org/CodeSystem/designation-usage"/><code value="display"/></use><value value="Retrobulbar"/></designation></concept><concept><code value="608808"/><display value="Infiltração"/><designation><language value="en"/><value value="Infiltration"/></designation><designation><language value="es"/><value value="Infiltración"/></designation><designation><language value="pt-BR"/><use><system value="http://terminology.hl7.org/CodeSystem/designation-usage"/><code value="display"/></use><value value="Infiltração"/></designation></concept><concept><code value="779038"/><display value="Mucosa"/><designation><language value="en"/><value value="Mucosal"/></designation><designation><language value="es"/><value value="Mucosa"/></designation><designation><language value="pt-BR"/><use><system value="http://terminology.hl7.org/CodeSystem/designation-usage"/><code value="display"/></use><value value="Mucosa"/></designation></concept></CodeSystem>