<?xml version="1.0" encoding="UTF-8"?><CodeSystem xmlns="http://hl7.org/fhir"><id value="BRFabricantePNI"/><language value="pt-BR"/><text><status value="generated"/><div xmlns="http://www.w3.org/1999/xhtml" xml:lang="pt-BR" lang="pt-BR"><p class="res-header-id"><b>Narrativa gerada: CodeSystem BRFabricantePNI</b></p><a name="BRFabricantePNI"> </a><a name="hcBRFabricantePNI"> </a><div style="display: inline-block; background-color: #d9e0e7; padding: 6px; margin: 4px; border: 1px solid #8da1b4; border-radius: 5px; line-height: 60%"><p style="margin-bottom: 0px">Língua: pt-BR</p></div><p>Este case-sensitive sistema de código <code>http://www.saude.gov.br/fhir/r4/CodeSystem/BRFabricantePNI</code> define o seguinte códigos:</p><table class="codes"><tr><td style="white-space:nowrap"><b>Código</b></td><td><b>Ecrã</b></td><td><b>Definição</b></td></tr><tr><td style="white-space:nowrap">141<a name="BRFabricantePNI-141"> </a></td><td>IVB</td><td>INSTITUTO VITAL BRAZIL S.A</td></tr><tr><td style="white-space:nowrap">142<a name="BRFabricantePNI-142"> </a></td><td>PFIZER</td><td>LABORATORIOS PFIZER LTDA</td></tr><tr><td style="white-space:nowrap">149<a name="BRFabricantePNI-149"> </a></td><td>FIOCRUZ</td><td>FUNDACAO OSWALDO CRUZ</td></tr><tr><td style="white-space:nowrap">150<a name="BRFabricantePNI-150"> </a></td><td>FUNED</td><td>FUNDACAO EZEQUIEL DIAS</td></tr><tr><td style="white-space:nowrap">151<a name="BRFabricantePNI-151"> </a></td><td>F.A.P.</td><td>FUNDACAO ATAULPHO DE PAIVA</td></tr><tr><td style="white-space:nowrap">152<a name="BRFabricantePNI-152"> </a></td><td>BUTANTAN</td><td>INSTITUTO BUTANTAN</td></tr><tr><td style="white-space:nowrap">153<a name="BRFabricantePNI-153"> </a></td><td>TECPAR</td><td>INSTITUTO DE TECNOLOGIA DO PARANA</td></tr><tr><td style="white-space:nowrap">156<a name="BRFabricantePNI-156"> </a></td><td>DADO B.</td><td>DADE BEHRING MARBUG GMBH</td></tr><tr><td style="white-space:nowrap">159<a name="BRFabricantePNI-159"> </a></td><td>SMITHKLINE</td><td>GLAXOSMITHKLINE BEECHAM</td></tr><tr><td style="white-space:nowrap">160<a name="BRFabricantePNI-160"> </a></td><td>GREENCROSS</td><td>GREEN CROSS - PHARMACEUTICAL B. M. CORP.</td></tr><tr><td style="white-space:nowrap">161<a name="BRFabricantePNI-161"> </a></td><td>AVENTIS</td><td>AVENTIS PASTEUR S.A.</td></tr><tr><td style="white-space:nowrap">162<a name="BRFabricantePNI-162"> </a></td><td>CHIRON SPA</td><td>NOVARTIS/CHIRON S.P.A. VACCINES</td></tr><tr><td style="white-space:nowrap">163<a name="BRFabricantePNI-163"> </a></td><td>SERUM-INDIA</td><td>SERUM INSTITUTE OF INDIA LTD.</td></tr><tr><td style="white-space:nowrap">164<a name="BRFabricantePNI-164"> </a></td><td>LGCHEMICAL</td><td>LG CHEMICAL INVESTIMENT LTD</td></tr><tr><td style="white-space:nowrap">165<a name="BRFabricantePNI-165"> </a></td><td>MERCK</td><td>MERCK SHARP DOHME CO., INC.</td></tr><tr><td style="white-space:nowrap">166<a name="BRFabricantePNI-166"> </a></td><td>BIKEN</td><td>FUNDACAO INVEST. DE INFERM. MICROB. DA UNIVERSIDADE DE OSAKA</td></tr><tr><td style="white-space:nowrap">167<a name="BRFabricantePNI-167"> </a></td><td>SEVAC</td><td>SEVAC S.A.</td></tr><tr><td style="white-space:nowrap">168<a name="BRFabricantePNI-168"> </a></td><td>BERNE</td><td>SWISS SERUM AND VACCINES INSTITUTE BERNE</td></tr><tr><td style="white-space:nowrap">235<a name="BRFabricantePNI-235"> </a></td><td>INCQS</td><td>INSTITUTO NACIONAL DE CONTROLE DE QUALIDADE EM SAUDE</td></tr><tr><td style="white-space:nowrap">239<a name="BRFabricantePNI-239"> </a></td><td>BAYER</td><td>BAYER CORPORATION - BIOLOGICAL PRODUCTS</td></tr><tr><td style="white-space:nowrap">608<a name="BRFabricantePNI-608"> </a></td><td>BAXTER</td><td>BAXTER VACCINE AKTIENGESELLSCHAFT</td></tr><tr><td style="white-space:nowrap">1659<a name="BRFabricantePNI-1659"> </a></td><td>CYANAMID</td><td>AMERICAN CYANAMID COMPANY</td></tr><tr><td style="white-space:nowrap">1913<a name="BRFabricantePNI-1913"> </a></td><td>CPPI</td><td>CENTRO DE PRODUCAO E PESQUISA DE IMUNOBIOLOGICOS</td></tr><tr><td style="white-space:nowrap">2250<a name="BRFabricantePNI-2250"> </a></td><td>IIMUNO</td><td>INSTITUTE OF IMMUNOLOGY - CROACIA</td></tr><tr><td style="white-space:nowrap">2260<a name="BRFabricantePNI-2260"> </a></td><td>CSL</td><td>CSL BEHRING GMBH</td></tr><tr><td style="white-space:nowrap">2263<a name="BRFabricantePNI-2263"> </a></td><td>WYETH-LTDA</td><td>WYETH INDUSTRIA FARMACEUTICA LTDA</td></tr><tr><td style="white-space:nowrap">2355<a name="BRFabricantePNI-2355"> </a></td><td>NOVARTIS</td><td>NOVARTIS PHARMA SERVICES INC.</td></tr><tr><td style="white-space:nowrap">2560<a name="BRFabricantePNI-2560"> </a></td><td>HEBER</td><td>HEBER BIOTEC</td></tr><tr><td style="white-space:nowrap">2769<a name="BRFabricantePNI-2769"> </a></td><td>BERNA</td><td>BERNA BIOTECH KOREA CORPORATION</td></tr><tr><td style="white-space:nowrap">2862<a name="BRFabricantePNI-2862"> </a></td><td>SANPASTEUR</td><td>SANOFI PASTEUR</td></tr><tr><td style="white-space:nowrap">2901<a name="BRFabricantePNI-2901"> </a></td><td>MERIAL</td><td>MERIAL MEXICO, SA BECV</td></tr><tr><td style="white-space:nowrap">3521<a name="BRFabricantePNI-3521"> </a></td><td>BIOVET</td><td>BIOVET</td></tr><tr><td style="white-space:nowrap">10534<a name="BRFabricantePNI-10534"> </a></td><td>CRUCELL</td><td>CRUCELL SWEDEN AB</td></tr><tr><td style="white-space:nowrap">11347<a name="BRFabricantePNI-11347"> </a></td><td>VIRBAC</td><td>VIRBAC S.A</td></tr><tr><td style="white-space:nowrap">12551<a name="BRFabricantePNI-12551"> </a></td><td>GRIFOLS</td><td>GRIFOLS BRASIL LTDA</td></tr><tr><td style="white-space:nowrap">12572<a name="BRFabricantePNI-12572"> </a></td><td>KEDRION</td><td>KEDRION BIOPHARMA</td></tr><tr><td style="white-space:nowrap">13219<a name="BRFabricantePNI-13219"> </a></td><td>BIOGENESIS</td><td>BIOGENESIS-BAGO S/A</td></tr><tr><td style="white-space:nowrap">13688<a name="BRFabricantePNI-13688"> </a></td><td>SHANTHA</td><td>SHANTHA BIOTECHNICS</td></tr><tr><td style="white-space:nowrap">16763<a name="BRFabricantePNI-16763"> </a></td><td>BIOFARMA</td><td>BIOFARMA</td></tr><tr><td style="white-space:nowrap">17934<a name="BRFabricantePNI-17934"> </a></td><td>BIOLOGICAL</td><td>BIOLOGICAL E. LIMITED</td></tr><tr><td style="white-space:nowrap">18189<a name="BRFabricantePNI-18189"> </a></td><td>INTERVAX</td><td>INTERVAX LTDA.</td></tr><tr><td style="white-space:nowrap">18190<a name="BRFabricantePNI-18190"> </a></td><td>BB-NCIPD</td><td>BB-NCIPD LTD.</td></tr><tr><td style="white-space:nowrap">22942<a name="BRFabricantePNI-22942"> </a></td><td>LGLIFE</td><td>LG LIFE SCIENCES LTDA</td></tr><tr><td style="white-space:nowrap">26313<a name="BRFabricantePNI-26313"> </a></td><td>MERCK-GO</td><td>MERCK SHARP E DOHME FARMACEUTICA LTDA / GO</td></tr><tr><td style="white-space:nowrap">27816<a name="BRFabricantePNI-27816"> </a></td><td>EUBIOLOGI</td><td>EUBIOLOGICS CO., LTD.</td></tr><tr><td style="white-space:nowrap">27880<a name="BRFabricantePNI-27880"> </a></td><td>GSK-BRASIL</td><td>GLAXOSMITHKLINE BRASIL LTDA.</td></tr><tr><td style="white-space:nowrap">28211<a name="BRFabricantePNI-28211"> </a></td><td>KAMADA</td><td>KAMADA LTD.</td></tr><tr><td style="white-space:nowrap">28251<a name="BRFabricantePNI-28251"> </a></td><td>SANMEDLEY</td><td>SANOFI MEDLEY FARMACEUTICA LTDA</td></tr><tr><td style="white-space:nowrap">28283<a name="BRFabricantePNI-28283"> </a></td><td>VINS</td><td>VINS BIOPRODUCTS LIMITED</td></tr><tr><td style="white-space:nowrap">28290<a name="BRFabricantePNI-28290"> </a></td><td>PFIZER-BELGICA</td><td>PFIZER MANUFACTURING BELGIUM NV - BELGICA</td></tr><tr><td style="white-space:nowrap">28303<a name="BRFabricantePNI-28303"> </a></td><td>PANACEA</td><td>PANACEA BIOTEC LTD</td></tr><tr><td style="white-space:nowrap">28425<a name="BRFabricantePNI-28425"> </a></td><td>BIOGENESIS</td><td>BIOGENESIS BAGO SAUDE ANIMAL LTDA</td></tr><tr><td style="white-space:nowrap">28738<a name="BRFabricantePNI-28738"> </a></td><td>BOEHRINGER</td><td>BOEHRINGER INGELHEIM ANIMAL HEALTH</td></tr><tr><td style="white-space:nowrap">29501<a name="BRFabricantePNI-29501"> </a></td><td>SINOVAC</td><td>SINOVAC LIFE SCIENCE CO., LTD</td></tr><tr><td style="white-space:nowrap">29909<a name="BRFabricantePNI-29909"> </a></td><td>ASTRAZENECA</td><td>ASTRAZENECA AB</td></tr><tr><td style="white-space:nowrap">30357<a name="BRFabricantePNI-30357"> </a></td><td>EQUIPLEX</td><td>EQUIPLEX INDUSTRIA FARMACEUTICA LTDA</td></tr><tr><td style="white-space:nowrap">30587<a name="BRFabricantePNI-30587"> </a></td><td>JANSSEN</td><td>JANSSEN PHARMACEUTICA NV</td></tr><tr><td style="white-space:nowrap">33502<a name="BRFabricantePNI-33502"> </a></td><td>BAV-NORDIC</td><td>BAVARIAN NORDIC A/S</td></tr><tr><td style="white-space:nowrap">33713<a name="BRFabricantePNI-33713"> </a></td><td>AMYIN</td><td>AMYIN OHIO LLC</td></tr><tr><td style="white-space:nowrap">35977<a name="BRFabricantePNI-35977"> </a></td><td>GAMALEYA</td><td>INSTITUTO GAMALEYA</td></tr><tr><td style="white-space:nowrap">35978<a name="BRFabricantePNI-35978"> </a></td><td>MODERNA</td><td>MODERNA BIOTECH</td></tr><tr><td style="white-space:nowrap">35979<a name="BRFabricantePNI-35979"> </a></td><td>BHARAT</td><td>BHARAT BIOTECH</td></tr><tr><td style="white-space:nowrap">169<a name="BRFabricantePNI-169"> </a></td><td>FINLAY</td><td>FINLAY VACUNAS Y SUEROS</td></tr><tr><td style="white-space:nowrap">712<a name="BRFabricantePNI-712"> </a></td><td>BIOMERIEUX</td><td>BIO LAB MERIEUX</td></tr><tr><td style="white-space:nowrap">36271<a name="BRFabricantePNI-36271"> </a></td><td>ABBOTT-HOLAN</td><td>ABBOTT BIOLOGICALS B.V. WEESP HOLANDA</td></tr><tr><td style="white-space:nowrap">28289<a name="BRFabricantePNI-28289"> </a></td><td>GLAXO-BIO</td><td>GLAXOSMITHKLINE BIOLOGICALS S.A. - BELGICA</td></tr><tr><td style="white-space:nowrap">9406<a name="BRFabricantePNI-9406"> </a></td><td>HALEXISTAR</td><td>HALEX ISTAR INDUSTRIA FARMACEUTICA</td></tr><tr><td style="white-space:nowrap">37646<a name="BRFabricantePNI-37646"> </a></td><td>EMERGENT</td><td>EMERGENT BIOSOLUTIONS INC.</td></tr><tr><td style="white-space:nowrap">26513<a name="BRFabricantePNI-26513"> </a></td><td>BEHRING</td><td>CSL BEHRING COMERCIO DE PRODUTOS FARMACEUTICOS LTDA</td></tr><tr><td style="white-space:nowrap">39263<a name="BRFabricantePNI-39263"> </a></td><td>TAKEDA</td><td>TAKEDA PHARMA LTDA.</td></tr><tr><td style="white-space:nowrap">39262<a name="BRFabricantePNI-39262"> </a></td><td>IDT BIOLOGIKA</td><td>IDT BIOLOGIKA GMBH</td></tr><tr><td style="white-space:nowrap">42490<a name="BRFabricantePNI-42490"> </a></td><td>SINOVAC</td><td>SINOVAC BIOTECH CO. LTD</td></tr><tr><td style="white-space:nowrap">42430<a name="BRFabricantePNI-42430"> </a></td><td>MODERNA</td><td>MODERNA SWITZERLAND GMBH</td></tr><tr><td style="white-space:nowrap">42488<a name="BRFabricantePNI-42488"> </a></td><td>ROVI-PHARMA</td><td>ROVI PHARMA INDUSTRIAL SERVICES S.A.</td></tr><tr><td style="white-space:nowrap">42489<a name="BRFabricantePNI-42489"> </a></td><td>CATALENT</td><td>CATALENT INDIANA, LLC</td></tr><tr><td style="white-space:nowrap">42507<a name="BRFabricantePNI-42507"> </a></td><td>ADIUM</td><td>ADIUM LABORATORIO FARMACEUTICO</td></tr><tr><td style="white-space:nowrap">42655<a name="BRFabricantePNI-42655"> </a></td><td>SK-BIOSCEN</td><td>SK BIOSCIENCE CO., LTD</td></tr><tr><td style="white-space:nowrap">25538<a name="BRFabricantePNI-25538"> </a></td><td>MERCK-CAMPI</td><td>MERCK SHARP &amp; DOHME FARMACEUTICA - CAMPINAS/SP</td></tr><tr><td style="white-space:nowrap">27883<a name="BRFabricantePNI-27883"> </a></td><td>MERCK-RJ</td><td>MERCK S/A - RJ</td></tr><tr><td style="white-space:nowrap">42932<a name="BRFabricantePNI-42932"> </a></td><td>MSD-LLC</td><td>MERCK SHARP &amp; DOHME LLC</td></tr><tr><td style="white-space:nowrap">42931<a name="BRFabricantePNI-42931"> </a></td><td>MERCK-SP</td><td>MERCK SHARP &amp; DOHME FARMACEUTICA LTDA - SAO PAULO/SP</td></tr><tr><td style="white-space:nowrap">43175<a name="BRFabricantePNI-43175"> </a></td><td>GSK-SRL</td><td>GLAXOSMITHKLINE VACCINES S.R.L</td></tr><tr><td style="white-space:nowrap">43202<a name="BRFabricantePNI-43202"> </a></td><td>GSK-FRANCA</td><td>GLAXOSMITHKLINE BIOLOGICALS S.A. - FRANCA</td></tr><tr><td style="white-space:nowrap">43499<a name="BRFabricantePNI-43499"> </a></td><td>GC-BIOPHARMA</td><td>GC BIOPHARMA CORP.</td></tr><tr><td style="white-space:nowrap">31101<a name="BRFabricantePNI-31101"> </a></td><td>FARMACE</td><td>FARMACE INDUSTRIA QUIMICO-FARMACEUTICA CEARENSE LTDA</td></tr><tr><td style="white-space:nowrap">43897<a name="BRFabricantePNI-43897"> </a></td><td>KI BIOPHARMA</td><td>KI BIOPHARMA LLC LIMITED.</td></tr><tr><td style="white-space:nowrap">44618<a name="BRFabricantePNI-44618"> </a></td><td>BIONTECH</td><td>BIONTECH MANUFACTURING GMBH</td></tr><tr><td style="white-space:nowrap">44779<a name="BRFabricantePNI-44779"> </a></td><td>MIBE</td><td>MIBE GMBH ARZNEIMITTEL BRECHNA</td></tr><tr><td style="white-space:nowrap">44805<a name="BRFabricantePNI-44805"> </a></td><td>BEIJING</td><td>BEIJING INSTITUTE OF BIOLOGICAL PRODUCTS CO., LTD.</td></tr><tr><td style="white-space:nowrap">44781<a name="BRFabricantePNI-44781"> </a></td><td>JUBILANT</td><td>JUBILANT HOLLISTERSTIER LLC</td></tr><tr><td style="white-space:nowrap">45086<a name="BRFabricantePNI-45086"> </a></td><td>PFIZER-IRLANDA</td><td>PFIZER IRELAND PHARMACEUTICALS</td></tr></table><p><b>Ecrãs de idiomas adicionais</b></p><table class="codes"><tr><td><b>Código</b></td><td><b>English (English, en)</b></td><td><b>Spanish (es)</b></td></tr><tr><td>141</td><td>INSTITUTO VITAL BRAZIL S.A</td><td>INSTITUTO VITAL BRAZIL S.A</td></tr><tr><td>142</td><td>LABORATORIOS PFIZER LTDA</td><td>LABORATORIOS PFIZER LTDA</td></tr><tr><td>149</td><td>FUNDACAO OSWALDO CRUZ</td><td>FUNDACAO OSWALDO CRUZ</td></tr><tr><td>150</td><td>FUNDACAO EZEQUIEL DIAS</td><td>FUNDACAO EZEQUIEL DIAS</td></tr><tr><td>151</td><td>FUNDACAO ATAULPHO DE PAIVA</td><td>FUNDACAO ATAULPHO DE PAIVA</td></tr><tr><td>152</td><td>INSTITUTO BUTANTAN</td><td>INSTITUTO BUTANTAN</td></tr><tr><td>153</td><td>INSTITUTO DE TECNOLOGIA DO PARANA</td><td>INSTITUTO DE TECNOLOGIA DO PARANA</td></tr><tr><td>156</td><td>DADE BEHRING MARBUG GMBH</td><td>DADE BEHRING MARBUG GMBH</td></tr><tr><td>159</td><td>GLAXOSMITHKLINE BEECHAM</td><td>GLAXOSMITHKLINE BEECHAM</td></tr><tr><td>160</td><td>GREEN CROSS - PHARMACEUTICAL B. M. CORP.</td><td>GREEN CROSS - PHARMACEUTICAL B. M. CORP.</td></tr><tr><td>161</td><td>AVENTIS PASTEUR S.A.</td><td>AVENTIS PASTEUR S.A.</td></tr><tr><td>162</td><td>NOVARTIS/CHIRON S.P.A. VACCINES</td><td>NOVARTIS/CHIRON S.P.A. VACCINES</td></tr><tr><td>163</td><td>SERUM INSTITUTE OF INDIA LTD.</td><td>SERUM INSTITUTE OF INDIA LTD.</td></tr><tr><td>164</td><td>LG CHEMICAL INVESTIMENT LTD</td><td>LG CHEMICAL INVESTIMENT LTD</td></tr><tr><td>165</td><td>MERCK SHARP DOHME CO., INC.</td><td>MERCK SHARP DOHME CO., INC.</td></tr><tr><td>166</td><td>FUNDACAO INVEST. DE INFERM. MICROB. DA UNIVERSIDADE DE OSAKA</td><td>FUNDACAO INVEST. DE INFERM. MICROB. DA UNIVERSIDADE DE OSAKA</td></tr><tr><td>167</td><td>SEVAC S.A.</td><td>SEVAC S.A.</td></tr><tr><td>168</td><td>SWISS SERUM AND VACCINES INSTITUTE BERNE</td><td>SWISS SERUM AND VACCINES INSTITUTE BERNE</td></tr><tr><td>235</td><td>INSTITUTO NACIONAL DE CONTROLE DE QUALIDADE EM SAUDE</td><td>INSTITUTO NACIONAL DE CONTROLE DE QUALIDADE EM SAUDE</td></tr><tr><td>239</td><td>BAYER CORPORATION - BIOLOGICAL PRODUCTS</td><td>BAYER CORPORATION - BIOLOGICAL PRODUCTS</td></tr><tr><td>608</td><td>BAXTER VACCINE AKTIENGESELLSCHAFT</td><td>BAXTER VACCINE AKTIENGESELLSCHAFT</td></tr><tr><td>1659</td><td>AMERICAN CYANAMID COMPANY</td><td>AMERICAN CYANAMID COMPANY</td></tr><tr><td>1913</td><td>CENTRO DE PRODUCAO E PESQUISA DE IMUNOBIOLOGICOS</td><td>CENTRO DE PRODUCAO E PESQUISA DE IMUNOBIOLOGICOS</td></tr><tr><td>2250</td><td>INSTITUTE OF IMMUNOLOGY - CROACIA</td><td>INSTITUTE OF IMMUNOLOGY - CROACIA</td></tr><tr><td>2260</td><td>CSL BEHRING GMBH</td><td>CSL BEHRING GMBH</td></tr><tr><td>2263</td><td>WYETH INDUSTRIA FARMACEUTICA LTDA</td><td>WYETH INDUSTRIA FARMACEUTICA LTDA</td></tr><tr><td>2355</td><td>NOVARTIS PHARMA SERVICES INC.</td><td>NOVARTIS PHARMA SERVICES INC.</td></tr><tr><td>2560</td><td>HEBER BIOTEC</td><td>HEBER BIOTEC</td></tr><tr><td>2769</td><td>BERNA BIOTECH KOREA CORPORATION</td><td>BERNA BIOTECH KOREA CORPORATION</td></tr><tr><td>2862</td><td>SANOFI PASTEUR</td><td>SANOFI PASTEUR</td></tr><tr><td>2901</td><td>MERIAL MEXICO, SA BECV</td><td>MERIAL MEXICO, SA BECV</td></tr><tr><td>3521</td><td>BIOVET</td><td>BIOVET</td></tr><tr><td>10534</td><td>CRUCELL SWEDEN AB</td><td>CRUCELL SWEDEN AB</td></tr><tr><td>11347</td><td>VIRBAC S.A</td><td>VIRBAC S.A</td></tr><tr><td>12551</td><td>GRIFOLS BRASIL LTDA</td><td>GRIFOLS BRASIL LTDA</td></tr><tr><td>12572</td><td>KEDRION BIOPHARMA</td><td>KEDRION BIOPHARMA</td></tr><tr><td>13219</td><td>BIOGENESIS-BAGO S/A</td><td>BIOGENESIS-BAGO S/A</td></tr><tr><td>13688</td><td>SHANTHA BIOTECHNICS</td><td>SHANTHA BIOTECHNICS</td></tr><tr><td>16763</td><td>BIOFARMA</td><td>BIOFARMA</td></tr><tr><td>17934</td><td>BIOLOGICAL E. LIMITED</td><td>BIOLOGICAL E. LIMITED</td></tr><tr><td>18189</td><td>INTERVAX LTDA.</td><td>INTERVAX LTDA.</td></tr><tr><td>18190</td><td>BB-NCIPD LTD.</td><td>BB-NCIPD LTD.</td></tr><tr><td>22942</td><td>LG LIFE SCIENCES LTDA</td><td>LG LIFE SCIENCES LTDA</td></tr><tr><td>26313</td><td>MERCK SHARP E DOHME FARMACEUTICA LTDA / GO</td><td>MERCK SHARP E DOHME FARMACEUTICA LTDA / GO</td></tr><tr><td>27816</td><td>EUBIOLOGICS CO., LTD.</td><td>EUBIOLOGICS CO., LTD.</td></tr><tr><td>27880</td><td>GLAXOSMITHKLINE BRASIL LTDA.</td><td>GLAXOSMITHKLINE BRASIL LTDA.</td></tr><tr><td>28211</td><td>KAMADA LTD.</td><td>KAMADA LTD.</td></tr><tr><td>28251</td><td>SANOFI MEDLEY FARMACEUTICA LTDA</td><td>SANOFI MEDLEY FARMACEUTICA LTDA</td></tr><tr><td>28283</td><td>VINS BIOPRODUCTS LIMITED</td><td>VINS BIOPRODUCTS LIMITED</td></tr><tr><td>28290</td><td>PFIZER MANUFACTURING BELGIUM NV - BELGICA</td><td>PFIZER MANUFACTURING BELGIUM NV - BELGICA</td></tr><tr><td>28303</td><td>PANACEA BIOTEC LTD</td><td>PANACEA BIOTEC LTD</td></tr><tr><td>28425</td><td>BIOGENESIS BAGO SAUDE ANIMAL LTDA</td><td>BIOGENESIS BAGO SAUDE ANIMAL LTDA</td></tr><tr><td>28738</td><td>BOEHRINGER INGELHEIM ANIMAL HEALTH</td><td>BOEHRINGER INGELHEIM ANIMAL HEALTH</td></tr><tr><td>29501</td><td>SINOVAC LIFE SCIENCE CO., LTD</td><td>SINOVAC LIFE SCIENCE CO., LTD</td></tr><tr><td>29909</td><td>ASTRAZENECA AB</td><td>ASTRAZENECA AB</td></tr><tr><td>30357</td><td>EQUIPLEX INDUSTRIA FARMACEUTICA LTDA</td><td>EQUIPLEX INDUSTRIA FARMACEUTICA LTDA</td></tr><tr><td>30587</td><td>JANSSEN PHARMACEUTICA NV</td><td>JANSSEN PHARMACEUTICA NV</td></tr><tr><td>33502</td><td>BAVARIAN NORDIC A/S</td><td>BAVARIAN NORDIC A/S</td></tr><tr><td>33713</td><td>AMYIN OHIO LLC</td><td>AMYIN OHIO LLC</td></tr><tr><td>35977</td><td>INSTITUTO GAMALEYA</td><td>INSTITUTO GAMALEYA</td></tr><tr><td>35978</td><td>MODERNA BIOTECH</td><td>MODERNA BIOTECH</td></tr><tr><td>35979</td><td>BHARAT BIOTECH</td><td>BHARAT BIOTECH</td></tr><tr><td>169</td><td>FINLAY VACUNAS Y SUEROS</td><td>FINLAY VACUNAS Y SUEROS</td></tr><tr><td>712</td><td>BIO LAB MERIEUX</td><td>BIO LAB MERIEUX</td></tr><tr><td>36271</td><td>ABBOTT BIOLOGICALS B.V. WEESP HOLANDA</td><td>ABBOTT BIOLOGICALS B.V. WEESP HOLANDA</td></tr><tr><td>28289</td><td></td><td></td></tr><tr><td>9406</td><td></td><td></td></tr><tr><td>37646</td><td></td><td></td></tr><tr><td>26513</td><td></td><td></td></tr><tr><td>39263</td><td></td><td></td></tr><tr><td>39262</td><td></td><td></td></tr><tr><td>42490</td><td></td><td></td></tr><tr><td>42430</td><td></td><td></td></tr><tr><td>42488</td><td></td><td></td></tr><tr><td>42489</td><td></td><td></td></tr><tr><td>42507</td><td></td><td></td></tr><tr><td>42655</td><td></td><td></td></tr><tr><td>25538</td><td></td><td></td></tr><tr><td>27883</td><td></td><td></td></tr><tr><td>42932</td><td></td><td></td></tr><tr><td>42931</td><td></td><td></td></tr><tr><td>43175</td><td></td><td></td></tr><tr><td>43202</td><td></td><td></td></tr><tr><td>43499</td><td></td><td></td></tr><tr><td>31101</td><td></td><td></td></tr><tr><td>43897</td><td></td><td></td></tr><tr><td>44618</td><td></td><td></td></tr><tr><td>44779</td><td></td><td></td></tr><tr><td>44805</td><td></td><td></td></tr><tr><td>44781</td><td></td><td></td></tr><tr><td>45086</td><td></td><td></td></tr></table></div></text><extension url="http://hl7.org/fhir/StructureDefinition/structuredefinition-fmm"><valueInteger value="1"><extension url="http://hl7.org/fhir/StructureDefinition/structuredefinition-conformance-derivedFrom"><valueCanonical value="http://www.saude.gov.br/fhir/r4/ImplementationGuide/br.gov.saude.ria.fhir"/></extension></valueInteger></extension><extension url="http://hl7.org/fhir/StructureDefinition/structuredefinition-standards-status"><valueCode value="informative"><extension url="http://hl7.org/fhir/StructureDefinition/structuredefinition-conformance-derivedFrom"><valueCanonical value="http://www.saude.gov.br/fhir/r4/ImplementationGuide/br.gov.saude.ria.fhir"/></extension></valueCode></extension><url value="http://www.saude.gov.br/fhir/r4/CodeSystem/BRFabricantePNI"/><version value="0.1.0"/><name value="BRFabricantePNI"/><title value="Fabricante do Imunobiológico"/><status value="active"/><experimental value="false"/><date value="2023-01-02T18:15:54.9540124+00:00"/><publisher value="Ministério da Saúde do Brasil"/><contact><telecom><system value="url"/><value value="http://www.saude.gov.br"/></telecom></contact><description value="Apresenta o fabricante do imunobiológico."/><jurisdiction><coding><system value="urn:iso:std:iso:3166"/><code value="BR"/></coding></jurisdiction><caseSensitive value="true"/><content value="complete"/><concept><code value="141"/><display value="IVB"/><definition value="INSTITUTO VITAL BRAZIL S.A"/><designation><language value="en"/><value value="INSTITUTO VITAL BRAZIL S.A"/></designation><designation><language value="es"/><value value="INSTITUTO VITAL BRAZIL S.A"/></designation><designation><language value="pt-BR"/><use><system value="http://terminology.hl7.org/CodeSystem/designation-usage"/><code value="display"/></use><value value="IVB"/></designation></concept><concept><code value="142"/><display value="PFIZER"/><definition value="LABORATORIOS PFIZER LTDA"/><designation><language value="en"/><value value="LABORATORIOS PFIZER LTDA"/></designation><designation><language value="es"/><value value="LABORATORIOS PFIZER LTDA"/></designation><designation><language value="pt-BR"/><use><system value="http://terminology.hl7.org/CodeSystem/designation-usage"/><code value="display"/></use><value value="PFIZER"/></designation></concept><concept><code value="149"/><display value="FIOCRUZ"/><definition value="FUNDACAO OSWALDO CRUZ"/><designation><language value="en"/><value value="FUNDACAO OSWALDO CRUZ"/></designation><designation><language value="es"/><value value="FUNDACAO OSWALDO CRUZ"/></designation><designation><language value="pt-BR"/><use><system value="http://terminology.hl7.org/CodeSystem/designation-usage"/><code value="display"/></use><value value="FIOCRUZ"/></designation></concept><concept><code value="150"/><display value="FUNED"/><definition value="FUNDACAO EZEQUIEL DIAS"/><designation><language value="en"/><value value="FUNDACAO EZEQUIEL DIAS"/></designation><designation><language value="es"/><value value="FUNDACAO EZEQUIEL DIAS"/></designation><designation><language value="pt-BR"/><use><system value="http://terminology.hl7.org/CodeSystem/designation-usage"/><code value="display"/></use><value value="FUNED"/></designation></concept><concept><code value="151"/><display value="F.A.P."/><definition value="FUNDACAO ATAULPHO DE PAIVA"/><designation><language value="en"/><value value="FUNDACAO ATAULPHO DE PAIVA"/></designation><designation><language value="es"/><value value="FUNDACAO ATAULPHO DE PAIVA"/></designation><designation><language value="pt-BR"/><use><system value="http://terminology.hl7.org/CodeSystem/designation-usage"/><code value="display"/></use><value value="F.A.P."/></designation></concept><concept><code value="152"/><display value="BUTANTAN"/><definition value="INSTITUTO BUTANTAN"/><designation><language value="en"/><value value="INSTITUTO BUTANTAN"/></designation><designation><language value="es"/><value value="INSTITUTO BUTANTAN"/></designation><designation><language value="pt-BR"/><use><system value="http://terminology.hl7.org/CodeSystem/designation-usage"/><code value="display"/></use><value value="BUTANTAN"/></designation></concept><concept><code value="153"/><display value="TECPAR"/><definition value="INSTITUTO DE TECNOLOGIA DO PARANA"/><designation><language value="en"/><value value="INSTITUTO DE TECNOLOGIA DO PARANA"/></designation><designation><language value="es"/><value value="INSTITUTO DE TECNOLOGIA DO PARANA"/></designation><designation><language value="pt-BR"/><use><system value="http://terminology.hl7.org/CodeSystem/designation-usage"/><code value="display"/></use><value value="TECPAR"/></designation></concept><concept><code value="156"/><display value="DADO B."/><definition value="DADE BEHRING MARBUG GMBH"/><designation><language value="en"/><value value="DADE BEHRING MARBUG GMBH"/></designation><designation><language value="es"/><value value="DADE BEHRING MARBUG GMBH"/></designation><designation><language value="pt-BR"/><use><system value="http://terminology.hl7.org/CodeSystem/designation-usage"/><code value="display"/></use><value value="DADO B."/></designation></concept><concept><code value="159"/><display value="SMITHKLINE"/><definition value="GLAXOSMITHKLINE BEECHAM"/><designation><language value="en"/><value value="GLAXOSMITHKLINE BEECHAM"/></designation><designation><language value="es"/><value value="GLAXOSMITHKLINE BEECHAM"/></designation><designation><language value="pt-BR"/><use><system value="http://terminology.hl7.org/CodeSystem/designation-usage"/><code value="display"/></use><value value="SMITHKLINE"/></designation></concept><concept><code value="160"/><display value="GREENCROSS"/><definition value="GREEN CROSS - PHARMACEUTICAL B. M. CORP."/><designation><language value="en"/><value value="GREEN CROSS - PHARMACEUTICAL B. M. CORP."/></designation><designation><language value="es"/><value value="GREEN CROSS - PHARMACEUTICAL B. M. CORP."/></designation><designation><language value="pt-BR"/><use><system value="http://terminology.hl7.org/CodeSystem/designation-usage"/><code value="display"/></use><value value="GREENCROSS"/></designation></concept><concept><code value="161"/><display value="AVENTIS"/><definition value="AVENTIS PASTEUR S.A."/><designation><language value="en"/><value value="AVENTIS PASTEUR S.A."/></designation><designation><language value="es"/><value value="AVENTIS PASTEUR S.A."/></designation><designation><language value="pt-BR"/><use><system value="http://terminology.hl7.org/CodeSystem/designation-usage"/><code value="display"/></use><value value="AVENTIS"/></designation></concept><concept><code value="162"/><display value="CHIRON SPA"/><definition value="NOVARTIS/CHIRON S.P.A. VACCINES"/><designation><language value="en"/><value value="NOVARTIS/CHIRON S.P.A. VACCINES"/></designation><designation><language value="es"/><value value="NOVARTIS/CHIRON S.P.A. VACCINES"/></designation><designation><language value="pt-BR"/><use><system value="http://terminology.hl7.org/CodeSystem/designation-usage"/><code value="display"/></use><value value="CHIRON SPA"/></designation></concept><concept><code value="163"/><display value="SERUM-INDIA"/><definition value="SERUM INSTITUTE OF INDIA LTD."/><designation><language value="en"/><value value="SERUM INSTITUTE OF INDIA LTD."/></designation><designation><language value="es"/><value value="SERUM INSTITUTE OF INDIA LTD."/></designation><designation><language value="pt-BR"/><use><system value="http://terminology.hl7.org/CodeSystem/designation-usage"/><code value="display"/></use><value value="SERUM-INDIA"/></designation></concept><concept><code value="164"/><display value="LGCHEMICAL"/><definition value="LG CHEMICAL INVESTIMENT LTD"/><designation><language value="en"/><value value="LG CHEMICAL INVESTIMENT LTD"/></designation><designation><language value="es"/><value value="LG CHEMICAL INVESTIMENT LTD"/></designation><designation><language value="pt-BR"/><use><system value="http://terminology.hl7.org/CodeSystem/designation-usage"/><code value="display"/></use><value value="LGCHEMICAL"/></designation></concept><concept><code value="165"/><display value="MERCK"/><definition value="MERCK SHARP DOHME CO., INC."/><designation><language value="en"/><value value="MERCK SHARP DOHME CO., INC."/></designation><designation><language value="es"/><value value="MERCK SHARP DOHME CO., INC."/></designation><designation><language value="pt-BR"/><use><system value="http://terminology.hl7.org/CodeSystem/designation-usage"/><code value="display"/></use><value value="MERCK"/></designation></concept><concept><code value="166"/><display value="BIKEN"/><definition value="FUNDACAO INVEST. DE INFERM. MICROB. DA UNIVERSIDADE DE OSAKA"/><designation><language value="en"/><value value="FUNDACAO INVEST. DE INFERM. MICROB. DA UNIVERSIDADE DE OSAKA"/></designation><designation><language value="es"/><value value="FUNDACAO INVEST. DE INFERM. MICROB. DA UNIVERSIDADE DE OSAKA"/></designation><designation><language value="pt-BR"/><use><system value="http://terminology.hl7.org/CodeSystem/designation-usage"/><code value="display"/></use><value value="BIKEN"/></designation></concept><concept><code value="167"/><display value="SEVAC"/><definition value="SEVAC S.A."/><designation><language value="en"/><value value="SEVAC S.A."/></designation><designation><language value="es"/><value value="SEVAC S.A."/></designation><designation><language value="pt-BR"/><use><system value="http://terminology.hl7.org/CodeSystem/designation-usage"/><code value="display"/></use><value value="SEVAC"/></designation></concept><concept><code value="168"/><display value="BERNE"/><definition value="SWISS SERUM AND VACCINES INSTITUTE BERNE"/><designation><language value="en"/><value value="SWISS SERUM AND VACCINES INSTITUTE BERNE"/></designation><designation><language value="es"/><value value="SWISS SERUM AND VACCINES INSTITUTE BERNE"/></designation><designation><language value="pt-BR"/><use><system value="http://terminology.hl7.org/CodeSystem/designation-usage"/><code value="display"/></use><value value="BERNE"/></designation></concept><concept><code value="235"/><display value="INCQS"/><definition value="INSTITUTO NACIONAL DE CONTROLE DE QUALIDADE EM SAUDE"/><designation><language value="en"/><value value="INSTITUTO NACIONAL DE CONTROLE DE QUALIDADE EM SAUDE"/></designation><designation><language value="es"/><value value="INSTITUTO NACIONAL DE CONTROLE DE QUALIDADE EM SAUDE"/></designation><designation><language value="pt-BR"/><use><system value="http://terminology.hl7.org/CodeSystem/designation-usage"/><code value="display"/></use><value value="INCQS"/></designation></concept><concept><code value="239"/><display value="BAYER"/><definition value="BAYER CORPORATION - BIOLOGICAL PRODUCTS"/><designation><language value="en"/><value value="BAYER CORPORATION - BIOLOGICAL PRODUCTS"/></designation><designation><language value="es"/><value value="BAYER CORPORATION - BIOLOGICAL PRODUCTS"/></designation><designation><language value="pt-BR"/><use><system value="http://terminology.hl7.org/CodeSystem/designation-usage"/><code value="display"/></use><value value="BAYER"/></designation></concept><concept><code value="608"/><display value="BAXTER"/><definition value="BAXTER VACCINE AKTIENGESELLSCHAFT"/><designation><language value="en"/><value value="BAXTER VACCINE AKTIENGESELLSCHAFT"/></designation><designation><language value="es"/><value value="BAXTER VACCINE AKTIENGESELLSCHAFT"/></designation><designation><language value="pt-BR"/><use><system value="http://terminology.hl7.org/CodeSystem/designation-usage"/><code value="display"/></use><value value="BAXTER"/></designation></concept><concept><code value="1659"/><display value="CYANAMID"/><definition value="AMERICAN CYANAMID COMPANY"/><designation><language value="en"/><value value="AMERICAN CYANAMID COMPANY"/></designation><designation><language value="es"/><value value="AMERICAN CYANAMID COMPANY"/></designation><designation><language value="pt-BR"/><use><system value="http://terminology.hl7.org/CodeSystem/designation-usage"/><code value="display"/></use><value value="CYANAMID"/></designation></concept><concept><code value="1913"/><display value="CPPI"/><definition value="CENTRO DE PRODUCAO E PESQUISA DE IMUNOBIOLOGICOS"/><designation><language value="en"/><value value="CENTRO DE PRODUCAO E PESQUISA DE IMUNOBIOLOGICOS"/></designation><designation><language value="es"/><value value="CENTRO DE PRODUCAO E PESQUISA DE IMUNOBIOLOGICOS"/></designation><designation><language value="pt-BR"/><use><system value="http://terminology.hl7.org/CodeSystem/designation-usage"/><code value="display"/></use><value value="CPPI"/></designation></concept><concept><code value="2250"/><display value="IIMUNO"/><definition value="INSTITUTE OF IMMUNOLOGY - CROACIA"/><designation><language value="en"/><value value="INSTITUTE OF IMMUNOLOGY - CROACIA"/></designation><designation><language value="es"/><value value="INSTITUTE OF IMMUNOLOGY - CROACIA"/></designation><designation><language value="pt-BR"/><use><system value="http://terminology.hl7.org/CodeSystem/designation-usage"/><code value="display"/></use><value value="IIMUNO"/></designation></concept><concept><code value="2260"/><display value="CSL"/><definition value="CSL BEHRING GMBH"/><designation><language value="en"/><value value="CSL BEHRING GMBH"/></designation><designation><language value="es"/><value value="CSL BEHRING GMBH"/></designation><designation><language value="pt-BR"/><use><system value="http://terminology.hl7.org/CodeSystem/designation-usage"/><code value="display"/></use><value value="CSL"/></designation></concept><concept><code value="2263"/><display value="WYETH-LTDA"/><definition value="WYETH INDUSTRIA FARMACEUTICA LTDA"/><designation><language value="en"/><value value="WYETH INDUSTRIA FARMACEUTICA LTDA"/></designation><designation><language value="es"/><value value="WYETH INDUSTRIA FARMACEUTICA LTDA"/></designation><designation><language value="pt-BR"/><use><system value="http://terminology.hl7.org/CodeSystem/designation-usage"/><code value="display"/></use><value value="WYETH-LTDA"/></designation></concept><concept><code value="2355"/><display value="NOVARTIS"/><definition value="NOVARTIS PHARMA SERVICES INC."/><designation><language value="en"/><value value="NOVARTIS PHARMA SERVICES INC."/></designation><designation><language value="es"/><value value="NOVARTIS PHARMA SERVICES INC."/></designation><designation><language value="pt-BR"/><use><system value="http://terminology.hl7.org/CodeSystem/designation-usage"/><code value="display"/></use><value value="NOVARTIS"/></designation></concept><concept><code value="2560"/><display value="HEBER"/><definition value="HEBER BIOTEC"/><designation><language value="en"/><value value="HEBER BIOTEC"/></designation><designation><language value="es"/><value value="HEBER BIOTEC"/></designation><designation><language value="pt-BR"/><use><system value="http://terminology.hl7.org/CodeSystem/designation-usage"/><code value="display"/></use><value value="HEBER"/></designation></concept><concept><code value="2769"/><display value="BERNA"/><definition value="BERNA BIOTECH KOREA CORPORATION"/><designation><language value="en"/><value value="BERNA BIOTECH KOREA CORPORATION"/></designation><designation><language value="es"/><value value="BERNA BIOTECH KOREA CORPORATION"/></designation><designation><language value="pt-BR"/><use><system value="http://terminology.hl7.org/CodeSystem/designation-usage"/><code value="display"/></use><value value="BERNA"/></designation></concept><concept><code value="2862"/><display value="SANPASTEUR"/><definition value="SANOFI PASTEUR"/><designation><language value="en"/><value value="SANOFI PASTEUR"/></designation><designation><language value="es"/><value value="SANOFI PASTEUR"/></designation><designation><language value="pt-BR"/><use><system value="http://terminology.hl7.org/CodeSystem/designation-usage"/><code value="display"/></use><value value="SANPASTEUR"/></designation></concept><concept><code value="2901"/><display value="MERIAL"/><definition value="MERIAL MEXICO, SA BECV"/><designation><language value="en"/><value value="MERIAL MEXICO, SA BECV"/></designation><designation><language value="es"/><value value="MERIAL MEXICO, SA BECV"/></designation><designation><language value="pt-BR"/><use><system value="http://terminology.hl7.org/CodeSystem/designation-usage"/><code value="display"/></use><value value="MERIAL"/></designation></concept><concept><code value="3521"/><display value="BIOVET"/><definition value="BIOVET"/><designation><language value="en"/><value value="BIOVET"/></designation><designation><language value="es"/><value value="BIOVET"/></designation><designation><language value="pt-BR"/><use><system value="http://terminology.hl7.org/CodeSystem/designation-usage"/><code value="display"/></use><value value="BIOVET"/></designation></concept><concept><code value="10534"/><display value="CRUCELL"/><definition value="CRUCELL SWEDEN AB"/><designation><language value="en"/><value value="CRUCELL SWEDEN AB"/></designation><designation><language value="es"/><value value="CRUCELL SWEDEN AB"/></designation><designation><language value="pt-BR"/><use><system value="http://terminology.hl7.org/CodeSystem/designation-usage"/><code value="display"/></use><value value="CRUCELL"/></designation></concept><concept><code value="11347"/><display value="VIRBAC"/><definition value="VIRBAC S.A"/><designation><language value="en"/><value value="VIRBAC S.A"/></designation><designation><language value="es"/><value value="VIRBAC S.A"/></designation><designation><language value="pt-BR"/><use><system value="http://terminology.hl7.org/CodeSystem/designation-usage"/><code value="display"/></use><value value="VIRBAC"/></designation></concept><concept><code value="12551"/><display value="GRIFOLS"/><definition value="GRIFOLS BRASIL LTDA"/><designation><language value="en"/><value value="GRIFOLS BRASIL LTDA"/></designation><designation><language value="es"/><value value="GRIFOLS BRASIL LTDA"/></designation><designation><language value="pt-BR"/><use><system value="http://terminology.hl7.org/CodeSystem/designation-usage"/><code value="display"/></use><value value="GRIFOLS"/></designation></concept><concept><code value="12572"/><display value="KEDRION"/><definition value="KEDRION BIOPHARMA"/><designation><language value="en"/><value value="KEDRION BIOPHARMA"/></designation><designation><language value="es"/><value value="KEDRION BIOPHARMA"/></designation><designation><language value="pt-BR"/><use><system value="http://terminology.hl7.org/CodeSystem/designation-usage"/><code value="display"/></use><value value="KEDRION"/></designation></concept><concept><code value="13219"/><display value="BIOGENESIS"/><definition value="BIOGENESIS-BAGO S/A"/><designation><language value="en"/><value value="BIOGENESIS-BAGO S/A"/></designation><designation><language value="es"/><value value="BIOGENESIS-BAGO S/A"/></designation><designation><language value="pt-BR"/><use><system value="http://terminology.hl7.org/CodeSystem/designation-usage"/><code value="display"/></use><value value="BIOGENESIS"/></designation></concept><concept><code value="13688"/><display value="SHANTHA"/><definition value="SHANTHA BIOTECHNICS"/><designation><language value="en"/><value value="SHANTHA BIOTECHNICS"/></designation><designation><language value="es"/><value value="SHANTHA BIOTECHNICS"/></designation><designation><language value="pt-BR"/><use><system value="http://terminology.hl7.org/CodeSystem/designation-usage"/><code value="display"/></use><value value="SHANTHA"/></designation></concept><concept><code value="16763"/><display value="BIOFARMA"/><definition value="BIOFARMA"/><designation><language value="en"/><value value="BIOFARMA"/></designation><designation><language value="es"/><value value="BIOFARMA"/></designation><designation><language value="pt-BR"/><use><system value="http://terminology.hl7.org/CodeSystem/designation-usage"/><code value="display"/></use><value value="BIOFARMA"/></designation></concept><concept><code value="17934"/><display value="BIOLOGICAL"/><definition value="BIOLOGICAL E. LIMITED"/><designation><language value="en"/><value value="BIOLOGICAL E. LIMITED"/></designation><designation><language value="es"/><value value="BIOLOGICAL E. LIMITED"/></designation><designation><language value="pt-BR"/><use><system value="http://terminology.hl7.org/CodeSystem/designation-usage"/><code value="display"/></use><value value="BIOLOGICAL"/></designation></concept><concept><code value="18189"/><display value="INTERVAX"/><definition value="INTERVAX LTDA."/><designation><language value="en"/><value value="INTERVAX LTDA."/></designation><designation><language value="es"/><value value="INTERVAX LTDA."/></designation><designation><language value="pt-BR"/><use><system value="http://terminology.hl7.org/CodeSystem/designation-usage"/><code value="display"/></use><value value="INTERVAX"/></designation></concept><concept><code value="18190"/><display value="BB-NCIPD"/><definition value="BB-NCIPD LTD."/><designation><language value="en"/><value value="BB-NCIPD LTD."/></designation><designation><language value="es"/><value value="BB-NCIPD LTD."/></designation><designation><language value="pt-BR"/><use><system value="http://terminology.hl7.org/CodeSystem/designation-usage"/><code value="display"/></use><value value="BB-NCIPD"/></designation></concept><concept><code value="22942"/><display value="LGLIFE"/><definition value="LG LIFE SCIENCES LTDA"/><designation><language value="en"/><value value="LG LIFE SCIENCES LTDA"/></designation><designation><language value="es"/><value value="LG LIFE SCIENCES LTDA"/></designation><designation><language value="pt-BR"/><use><system value="http://terminology.hl7.org/CodeSystem/designation-usage"/><code value="display"/></use><value value="LGLIFE"/></designation></concept><concept><code value="26313"/><display value="MERCK-GO"/><definition value="MERCK SHARP E DOHME FARMACEUTICA LTDA / GO"/><designation><language value="en"/><value value="MERCK SHARP E DOHME FARMACEUTICA LTDA / GO"/></designation><designation><language value="es"/><value value="MERCK SHARP E DOHME FARMACEUTICA LTDA / GO"/></designation><designation><language value="pt-BR"/><use><system value="http://terminology.hl7.org/CodeSystem/designation-usage"/><code value="display"/></use><value value="MERCK-GO"/></designation></concept><concept><code value="27816"/><display value="EUBIOLOGI"/><definition value="EUBIOLOGICS CO., LTD."/><designation><language value="en"/><value value="EUBIOLOGICS CO., LTD."/></designation><designation><language value="es"/><value value="EUBIOLOGICS CO., LTD."/></designation><designation><language value="pt-BR"/><use><system value="http://terminology.hl7.org/CodeSystem/designation-usage"/><code value="display"/></use><value value="EUBIOLOGI"/></designation></concept><concept><code value="27880"/><display value="GSK-BRASIL"/><definition value="GLAXOSMITHKLINE BRASIL LTDA."/><designation><language value="en"/><value value="GLAXOSMITHKLINE BRASIL LTDA."/></designation><designation><language value="es"/><value value="GLAXOSMITHKLINE BRASIL LTDA."/></designation><designation><language value="pt-BR"/><use><system value="http://terminology.hl7.org/CodeSystem/designation-usage"/><code value="display"/></use><value value="GSK-BRASIL"/></designation></concept><concept><code value="28211"/><display value="KAMADA"/><definition value="KAMADA LTD."/><designation><language value="en"/><value value="KAMADA LTD."/></designation><designation><language value="es"/><value value="KAMADA LTD."/></designation><designation><language value="pt-BR"/><use><system value="http://terminology.hl7.org/CodeSystem/designation-usage"/><code value="display"/></use><value value="KAMADA"/></designation></concept><concept><code value="28251"/><display value="SANMEDLEY"/><definition value="SANOFI MEDLEY FARMACEUTICA LTDA"/><designation><language value="en"/><value value="SANOFI MEDLEY FARMACEUTICA LTDA"/></designation><designation><language value="es"/><value value="SANOFI MEDLEY FARMACEUTICA LTDA"/></designation><designation><language value="pt-BR"/><use><system value="http://terminology.hl7.org/CodeSystem/designation-usage"/><code value="display"/></use><value value="SANMEDLEY"/></designation></concept><concept><code value="28283"/><display value="VINS"/><definition value="VINS BIOPRODUCTS LIMITED"/><designation><language value="en"/><value value="VINS BIOPRODUCTS LIMITED"/></designation><designation><language value="es"/><value value="VINS BIOPRODUCTS LIMITED"/></designation><designation><language value="pt-BR"/><use><system value="http://terminology.hl7.org/CodeSystem/designation-usage"/><code value="display"/></use><value value="VINS"/></designation></concept><concept><code value="28290"/><display value="PFIZER-BELGICA"/><definition value="PFIZER MANUFACTURING BELGIUM NV - BELGICA"/><designation><language value="en"/><value value="PFIZER MANUFACTURING BELGIUM NV - BELGICA"/></designation><designation><language value="es"/><value value="PFIZER MANUFACTURING BELGIUM NV - BELGICA"/></designation><designation><language value="pt-BR"/><use><system value="http://terminology.hl7.org/CodeSystem/designation-usage"/><code value="display"/></use><value value="PFIZER-BELGICA"/></designation></concept><concept><code value="28303"/><display value="PANACEA"/><definition value="PANACEA BIOTEC LTD"/><designation><language value="en"/><value value="PANACEA BIOTEC LTD"/></designation><designation><language value="es"/><value value="PANACEA BIOTEC LTD"/></designation><designation><language value="pt-BR"/><use><system value="http://terminology.hl7.org/CodeSystem/designation-usage"/><code value="display"/></use><value value="PANACEA"/></designation></concept><concept><code value="28425"/><display value="BIOGENESIS"/><definition value="BIOGENESIS BAGO SAUDE ANIMAL LTDA"/><designation><language value="en"/><value value="BIOGENESIS BAGO SAUDE ANIMAL LTDA"/></designation><designation><language value="es"/><value value="BIOGENESIS BAGO SAUDE ANIMAL LTDA"/></designation><designation><language value="pt-BR"/><use><system value="http://terminology.hl7.org/CodeSystem/designation-usage"/><code value="display"/></use><value value="BIOGENESIS"/></designation></concept><concept><code value="28738"/><display value="BOEHRINGER"/><definition value="BOEHRINGER INGELHEIM ANIMAL HEALTH"/><designation><language value="en"/><value value="BOEHRINGER INGELHEIM ANIMAL HEALTH"/></designation><designation><language value="es"/><value value="BOEHRINGER INGELHEIM ANIMAL HEALTH"/></designation><designation><language value="pt-BR"/><use><system value="http://terminology.hl7.org/CodeSystem/designation-usage"/><code value="display"/></use><value value="BOEHRINGER"/></designation></concept><concept><code value="29501"/><display value="SINOVAC"/><definition value="SINOVAC LIFE SCIENCE CO., LTD"/><designation><language value="en"/><value value="SINOVAC LIFE SCIENCE CO., LTD"/></designation><designation><language value="es"/><value value="SINOVAC LIFE SCIENCE CO., LTD"/></designation><designation><language value="pt-BR"/><use><system value="http://terminology.hl7.org/CodeSystem/designation-usage"/><code value="display"/></use><value value="SINOVAC"/></designation></concept><concept><code value="29909"/><display value="ASTRAZENECA"/><definition value="ASTRAZENECA AB"/><designation><language value="en"/><value value="ASTRAZENECA AB"/></designation><designation><language value="es"/><value value="ASTRAZENECA AB"/></designation><designation><language value="pt-BR"/><use><system value="http://terminology.hl7.org/CodeSystem/designation-usage"/><code value="display"/></use><value value="ASTRAZENECA"/></designation></concept><concept><code value="30357"/><display value="EQUIPLEX"/><definition value="EQUIPLEX INDUSTRIA FARMACEUTICA LTDA"/><designation><language value="en"/><value value="EQUIPLEX INDUSTRIA FARMACEUTICA LTDA"/></designation><designation><language value="es"/><value value="EQUIPLEX INDUSTRIA FARMACEUTICA LTDA"/></designation><designation><language value="pt-BR"/><use><system value="http://terminology.hl7.org/CodeSystem/designation-usage"/><code value="display"/></use><value value="EQUIPLEX"/></designation></concept><concept><code value="30587"/><display value="JANSSEN"/><definition value="JANSSEN PHARMACEUTICA NV"/><designation><language value="en"/><value value="JANSSEN PHARMACEUTICA NV"/></designation><designation><language value="es"/><value value="JANSSEN PHARMACEUTICA NV"/></designation><designation><language value="pt-BR"/><use><system value="http://terminology.hl7.org/CodeSystem/designation-usage"/><code value="display"/></use><value value="JANSSEN"/></designation></concept><concept><code value="33502"/><display value="BAV-NORDIC"/><definition value="BAVARIAN NORDIC A/S"/><designation><language value="en"/><value value="BAVARIAN NORDIC A/S"/></designation><designation><language value="es"/><value value="BAVARIAN NORDIC A/S"/></designation><designation><language value="pt-BR"/><use><system value="http://terminology.hl7.org/CodeSystem/designation-usage"/><code value="display"/></use><value value="BAV-NORDIC"/></designation></concept><concept><code value="33713"/><display value="AMYIN"/><definition value="AMYIN OHIO LLC"/><designation><language value="en"/><value value="AMYIN OHIO LLC"/></designation><designation><language value="es"/><value value="AMYIN OHIO LLC"/></designation><designation><language value="pt-BR"/><use><system value="http://terminology.hl7.org/CodeSystem/designation-usage"/><code value="display"/></use><value value="AMYIN"/></designation></concept><concept><code value="35977"/><display value="GAMALEYA"/><definition value="INSTITUTO GAMALEYA"/><designation><language value="en"/><value value="INSTITUTO GAMALEYA"/></designation><designation><language value="es"/><value value="INSTITUTO GAMALEYA"/></designation><designation><language value="pt-BR"/><use><system value="http://terminology.hl7.org/CodeSystem/designation-usage"/><code value="display"/></use><value value="GAMALEYA"/></designation></concept><concept><code value="35978"/><display value="MODERNA"/><definition value="MODERNA BIOTECH"/><designation><language value="en"/><value value="MODERNA BIOTECH"/></designation><designation><language value="es"/><value value="MODERNA BIOTECH"/></designation><designation><language value="pt-BR"/><use><system value="http://terminology.hl7.org/CodeSystem/designation-usage"/><code value="display"/></use><value value="MODERNA"/></designation></concept><concept><code value="35979"/><display value="BHARAT"/><definition value="BHARAT BIOTECH"/><designation><language value="en"/><value value="BHARAT BIOTECH"/></designation><designation><language value="es"/><value value="BHARAT BIOTECH"/></designation><designation><language value="pt-BR"/><use><system value="http://terminology.hl7.org/CodeSystem/designation-usage"/><code value="display"/></use><value value="BHARAT"/></designation></concept><concept><code value="169"/><display value="FINLAY"/><definition value="FINLAY VACUNAS Y SUEROS"/><designation><language value="en"/><value value="FINLAY VACUNAS Y SUEROS"/></designation><designation><language value="es"/><value value="FINLAY VACUNAS Y SUEROS"/></designation><designation><language value="pt-BR"/><use><system value="http://terminology.hl7.org/CodeSystem/designation-usage"/><code value="display"/></use><value value="FINLAY"/></designation></concept><concept><code value="712"/><display value="BIOMERIEUX"/><definition value="BIO LAB MERIEUX"/><designation><language value="en"/><value value="BIO LAB MERIEUX"/></designation><designation><language value="es"/><value value="BIO LAB MERIEUX"/></designation><designation><language value="pt-BR"/><use><system value="http://terminology.hl7.org/CodeSystem/designation-usage"/><code value="display"/></use><value value="BIOMERIEUX"/></designation></concept><concept><code value="36271"/><display value="ABBOTT-HOLAN"/><definition value="ABBOTT BIOLOGICALS B.V. WEESP HOLANDA"/><designation><language value="en"/><value value="ABBOTT BIOLOGICALS B.V. WEESP HOLANDA"/></designation><designation><language value="es"/><value value="ABBOTT BIOLOGICALS B.V. WEESP HOLANDA"/></designation><designation><language value="pt-BR"/><use><system value="http://terminology.hl7.org/CodeSystem/designation-usage"/><code value="display"/></use><value value="ABBOTT-HOLAN"/></designation></concept><concept><code value="28289"/><display value="GLAXO-BIO"/><definition value="GLAXOSMITHKLINE BIOLOGICALS S.A. - BELGICA"/><designation><language value="pt-BR"/><use><system value="http://terminology.hl7.org/CodeSystem/designation-usage"/><code value="display"/></use><value value="GLAXO-BIO"/></designation></concept><concept><code value="9406"/><display value="HALEXISTAR"/><definition value="HALEX ISTAR INDUSTRIA FARMACEUTICA"/><designation><language value="pt-BR"/><use><system value="http://terminology.hl7.org/CodeSystem/designation-usage"/><code value="display"/></use><value value="HALEXISTAR"/></designation></concept><concept><code value="37646"/><display value="EMERGENT"/><definition value="EMERGENT BIOSOLUTIONS INC."/><designation><language value="pt-BR"/><use><system value="http://terminology.hl7.org/CodeSystem/designation-usage"/><code value="display"/></use><value value="EMERGENT"/></designation></concept><concept><code value="26513"/><display value="BEHRING"/><definition value="CSL BEHRING COMERCIO DE PRODUTOS FARMACEUTICOS LTDA"/><designation><language value="pt-BR"/><use><system value="http://terminology.hl7.org/CodeSystem/designation-usage"/><code value="display"/></use><value value="BEHRING"/></designation></concept><concept><code value="39263"/><display value="TAKEDA"/><definition value="TAKEDA PHARMA LTDA."/><designation><language value="pt-BR"/><use><system value="http://terminology.hl7.org/CodeSystem/designation-usage"/><code value="display"/></use><value value="TAKEDA"/></designation></concept><concept><code value="39262"/><display value="IDT BIOLOGIKA"/><definition value="IDT BIOLOGIKA GMBH"/><designation><language value="pt-BR"/><use><system value="http://terminology.hl7.org/CodeSystem/designation-usage"/><code value="display"/></use><value value="IDT BIOLOGIKA"/></designation></concept><concept><code value="42490"/><display value="SINOVAC"/><definition value="SINOVAC BIOTECH CO. LTD"/><designation><language value="pt-BR"/><use><system value="http://terminology.hl7.org/CodeSystem/designation-usage"/><code value="display"/></use><value value="SINOVAC"/></designation></concept><concept><code value="42430"/><display value="MODERNA"/><definition value="MODERNA SWITZERLAND GMBH"/><designation><language value="pt-BR"/><use><system value="http://terminology.hl7.org/CodeSystem/designation-usage"/><code value="display"/></use><value value="MODERNA"/></designation></concept><concept><code value="42488"/><display value="ROVI-PHARMA"/><definition value="ROVI PHARMA INDUSTRIAL SERVICES S.A."/><designation><language value="pt-BR"/><use><system value="http://terminology.hl7.org/CodeSystem/designation-usage"/><code value="display"/></use><value value="ROVI-PHARMA"/></designation></concept><concept><code value="42489"/><display value="CATALENT"/><definition value="CATALENT INDIANA, LLC"/><designation><language value="pt-BR"/><use><system value="http://terminology.hl7.org/CodeSystem/designation-usage"/><code value="display"/></use><value value="CATALENT"/></designation></concept><concept><code value="42507"/><display value="ADIUM"/><definition value="ADIUM LABORATORIO FARMACEUTICO"/><designation><language value="pt-BR"/><use><system value="http://terminology.hl7.org/CodeSystem/designation-usage"/><code value="display"/></use><value value="ADIUM"/></designation></concept><concept><code value="42655"/><display value="SK-BIOSCEN"/><definition value="SK BIOSCIENCE CO., LTD"/><designation><language value="pt-BR"/><use><system value="http://terminology.hl7.org/CodeSystem/designation-usage"/><code value="display"/></use><value value="SK-BIOSCEN"/></designation></concept><concept><code value="25538"/><display value="MERCK-CAMPI"/><definition value="MERCK SHARP &amp; DOHME FARMACEUTICA - CAMPINAS/SP"/><designation><language value="pt-BR"/><use><system value="http://terminology.hl7.org/CodeSystem/designation-usage"/><code value="display"/></use><value value="MERCK-CAMPI"/></designation></concept><concept><code value="27883"/><display value="MERCK-RJ"/><definition value="MERCK S/A - RJ"/><designation><language value="pt-BR"/><use><system value="http://terminology.hl7.org/CodeSystem/designation-usage"/><code value="display"/></use><value value="MERCK-RJ"/></designation></concept><concept><code value="42932"/><display value="MSD-LLC"/><definition value="MERCK SHARP &amp; DOHME LLC"/><designation><language value="pt-BR"/><use><system value="http://terminology.hl7.org/CodeSystem/designation-usage"/><code value="display"/></use><value value="MSD-LLC"/></designation></concept><concept><code value="42931"/><display value="MERCK-SP"/><definition value="MERCK SHARP &amp; DOHME FARMACEUTICA LTDA - SAO PAULO/SP"/><designation><language value="pt-BR"/><use><system value="http://terminology.hl7.org/CodeSystem/designation-usage"/><code value="display"/></use><value value="MERCK-SP"/></designation></concept><concept><code value="43175"/><display value="GSK-SRL"/><definition value="GLAXOSMITHKLINE VACCINES S.R.L"/><designation><language value="pt-BR"/><use><system value="http://terminology.hl7.org/CodeSystem/designation-usage"/><code value="display"/></use><value value="GSK-SRL"/></designation></concept><concept><code value="43202"/><display value="GSK-FRANCA"/><definition value="GLAXOSMITHKLINE BIOLOGICALS S.A. - FRANCA"/><designation><language value="pt-BR"/><use><system value="http://terminology.hl7.org/CodeSystem/designation-usage"/><code value="display"/></use><value value="GSK-FRANCA"/></designation></concept><concept><code value="43499"/><display value="GC-BIOPHARMA"/><definition value="GC BIOPHARMA CORP."/><designation><language value="pt-BR"/><use><system value="http://terminology.hl7.org/CodeSystem/designation-usage"/><code value="display"/></use><value value="GC-BIOPHARMA"/></designation></concept><concept><code value="31101"/><display value="FARMACE"/><definition value="FARMACE INDUSTRIA QUIMICO-FARMACEUTICA CEARENSE LTDA"/><designation><language value="pt-BR"/><use><system value="http://terminology.hl7.org/CodeSystem/designation-usage"/><code value="display"/></use><value value="FARMACE"/></designation></concept><concept><code value="43897"/><display value="KI BIOPHARMA"/><definition value="KI BIOPHARMA LLC LIMITED."/><designation><language value="pt-BR"/><use><system value="http://terminology.hl7.org/CodeSystem/designation-usage"/><code value="display"/></use><value value="KI BIOPHARMA"/></designation></concept><concept><code value="44618"/><display value="BIONTECH"/><definition value="BIONTECH MANUFACTURING GMBH"/><designation><language value="pt-BR"/><use><system value="http://terminology.hl7.org/CodeSystem/designation-usage"/><code value="display"/></use><value value="BIONTECH"/></designation></concept><concept><code value="44779"/><display value="MIBE"/><definition value="MIBE GMBH ARZNEIMITTEL BRECHNA"/><designation><language value="pt-BR"/><use><system value="http://terminology.hl7.org/CodeSystem/designation-usage"/><code value="display"/></use><value value="MIBE"/></designation></concept><concept><code value="44805"/><display value="BEIJING"/><definition value="BEIJING INSTITUTE OF BIOLOGICAL PRODUCTS CO., LTD."/><designation><language value="pt-BR"/><use><system value="http://terminology.hl7.org/CodeSystem/designation-usage"/><code value="display"/></use><value value="BEIJING"/></designation></concept><concept><code value="44781"/><display value="JUBILANT"/><definition value="JUBILANT HOLLISTERSTIER LLC"/><designation><language value="pt-BR"/><use><system value="http://terminology.hl7.org/CodeSystem/designation-usage"/><code value="display"/></use><value value="JUBILANT"/></designation></concept><concept><code value="45086"/><display value="PFIZER-IRLANDA"/><definition value="PFIZER IRELAND PHARMACEUTICALS"/><designation><language value="pt-BR"/><use><system value="http://terminology.hl7.org/CodeSystem/designation-usage"/><code value="display"/></use><value value="PFIZER-IRLANDA"/></designation></concept></CodeSystem>