<?xml version="1.0" encoding="UTF-8"?><CodeSystem xmlns="http://hl7.org/fhir"><id value="BREstrategiaVacinacao"/><language value="pt-BR"/><text><status value="generated"/><div xmlns="http://www.w3.org/1999/xhtml" xml:lang="pt-BR" lang="pt-BR"><p class="res-header-id"><b>Generated Narrative: CodeSystem BREstrategiaVacinacao</b></p><a name="BREstrategiaVacinacao"> </a><a name="hcBREstrategiaVacinacao"> </a><a name="BREstrategiaVacinacao-und"> </a><div style="display: inline-block; background-color: #d9e0e7; padding: 6px; margin: 4px; border: 1px solid #8da1b4; border-radius: 5px; line-height: 60%"><p style="margin-bottom: 0px">Language: pt-BR</p></div><p>This case-sensitive code system <code>http://www.saude.gov.br/fhir/r4/CodeSystem/BREstrategiaVacinacao</code> defines the following codes:</p><table class="codes"><tr><td style="white-space:nowrap"><b>Code</b></td><td><b>Display</b></td></tr><tr><td style="white-space:nowrap">1<a name="BREstrategiaVacinacao-1"> </a></td><td>Rotina</td></tr><tr><td style="white-space:nowrap">2<a name="BREstrategiaVacinacao-2"> </a></td><td>Especial</td></tr><tr><td style="white-space:nowrap">3<a name="BREstrategiaVacinacao-3"> </a></td><td>Bloqueio</td></tr><tr><td style="white-space:nowrap">4<a name="BREstrategiaVacinacao-4"> </a></td><td>Intensificação</td></tr><tr><td style="white-space:nowrap">5<a name="BREstrategiaVacinacao-5"> </a></td><td>Campanha indiscriminada</td></tr><tr><td style="white-space:nowrap">6<a name="BREstrategiaVacinacao-6"> </a></td><td>Campanha seletiva</td></tr><tr><td style="white-space:nowrap">7<a name="BREstrategiaVacinacao-7"> </a></td><td>Soroterapia</td></tr><tr><td style="white-space:nowrap">8<a name="BREstrategiaVacinacao-8"> </a></td><td>Serviço Privado</td></tr><tr><td style="white-space:nowrap">9<a name="BREstrategiaVacinacao-9"> </a></td><td>Monitoramento rápido de cobertura vacinal</td></tr><tr><td style="white-space:nowrap">10<a name="BREstrategiaVacinacao-10"> </a></td><td>Pesquisa</td></tr><tr><td style="white-space:nowrap">11<a name="BREstrategiaVacinacao-11"> </a></td><td>Pré-exposição</td></tr><tr><td style="white-space:nowrap">12<a name="BREstrategiaVacinacao-12"> </a></td><td>Pós-exposição</td></tr><tr><td style="white-space:nowrap">13<a name="BREstrategiaVacinacao-13"> </a></td><td>Reexposição</td></tr><tr><td style="white-space:nowrap">14<a name="BREstrategiaVacinacao-14"> </a></td><td>Vacinação Escolar</td></tr></table><p><b>Additional Language Displays</b></p><table class="codes"><tr><td><b>Code</b></td><td><b>English (English, en)</b></td><td><b>Spanish (es)</b></td></tr><tr><td>1</td><td>Routine immunization</td><td>Rutina</td></tr><tr><td>2</td><td>Special</td><td>Especial</td></tr><tr><td>3</td><td>Blocking vaccination</td><td>Vacunación de bloqueo</td></tr><tr><td>4</td><td>Intensification</td><td>Intensificación</td></tr><tr><td>5</td><td>Indiscriminate campaign</td><td>Campaña indiscriminada</td></tr><tr><td>6</td><td>Selective campaign</td><td>Campaña selectiva</td></tr><tr><td>7</td><td>Serum therapy</td><td>Sueroterapia</td></tr><tr><td>8</td><td>Private Sector</td><td>Servicio privado</td></tr><tr><td>9</td><td>Rapid monitoring of vaccination coverage</td><td>Seguimiento rápido de la cobertura de vacunación</td></tr><tr><td>10</td><td>Trials</td><td>Ensayos clínicos</td></tr><tr><td>11</td><td>Pre-exposure</td><td>Preexposición</td></tr><tr><td>12</td><td>Post-exposure</td><td>Post-exposición</td></tr><tr><td>13</td><td>Re-exposure</td><td>Reexposición</td></tr><tr><td>14</td><td></td><td></td></tr></table></div></text><extension url="http://hl7.org/fhir/StructureDefinition/structuredefinition-fmm"><valueInteger value="1"><extension url="http://hl7.org/fhir/StructureDefinition/structuredefinition-conformance-derivedFrom"><valueCanonical value="http://www.saude.gov.br/fhir/r4/ImplementationGuide/br.gov.saude.ria.fhir"/></extension></valueInteger></extension><extension url="http://hl7.org/fhir/StructureDefinition/structuredefinition-standards-status"><valueCode value="informative"><extension url="http://hl7.org/fhir/StructureDefinition/structuredefinition-conformance-derivedFrom"><valueCanonical value="http://www.saude.gov.br/fhir/r4/ImplementationGuide/br.gov.saude.ria.fhir"/></extension></valueCode></extension><url value="http://www.saude.gov.br/fhir/r4/CodeSystem/BREstrategiaVacinacao"/><version value="0.1.0"/><name value="BREstrategiaVacinacao"/><title value="Estratégia de Vacinação"/><status value="active"/><experimental value="false"/><date value="2020-03-11T18:12:20.2627546+00:00"/><publisher value="Ministério da Saúde do Brasil"/><contact><telecom><system value="url"/><value value="http://www.saude.gov.br"/></telecom></contact><description value="Classifica a estratégia de vacinação adotada."/><jurisdiction><coding><system value="urn:iso:std:iso:3166"/><code value="BR"/></coding></jurisdiction><caseSensitive value="true"/><content value="complete"/><concept><code value="1"/><display value="Rotina"/><designation><language value="en"/><value value="Routine immunization"/></designation><designation><language value="es"/><value value="Rutina"/></designation><designation><language value="pt-BR"/><use><system value="http://terminology.hl7.org/CodeSystem/designation-usage"/><code value="display"/></use><value value="Rotina"/></designation></concept><concept><code value="2"/><display value="Especial"/><designation><language value="en"/><value value="Special"/></designation><designation><language value="es"/><value value="Especial"/></designation><designation><language value="pt-BR"/><use><system value="http://terminology.hl7.org/CodeSystem/designation-usage"/><code value="display"/></use><value value="Especial"/></designation></concept><concept><code value="3"/><display value="Bloqueio"/><designation><language value="en"/><value value="Blocking vaccination"/></designation><designation><language value="es"/><value value="Vacunación de bloqueo"/></designation><designation><language value="pt-BR"/><use><system value="http://terminology.hl7.org/CodeSystem/designation-usage"/><code value="display"/></use><value value="Bloqueio"/></designation></concept><concept><code value="4"/><display value="Intensificação"/><designation><language value="en"/><value value="Intensification"/></designation><designation><language value="es"/><value value="Intensificación"/></designation><designation><language value="pt-BR"/><use><system value="http://terminology.hl7.org/CodeSystem/designation-usage"/><code value="display"/></use><value value="Intensificação"/></designation></concept><concept><code value="5"/><display value="Campanha indiscriminada"/><designation><language value="en"/><value value="Indiscriminate campaign"/></designation><designation><language value="es"/><value value="Campaña indiscriminada"/></designation><designation><language value="pt-BR"/><use><system value="http://terminology.hl7.org/CodeSystem/designation-usage"/><code value="display"/></use><value value="Campanha indiscriminada"/></designation></concept><concept><code value="6"/><display value="Campanha seletiva"/><designation><language value="en"/><value value="Selective campaign"/></designation><designation><language value="es"/><value value="Campaña selectiva"/></designation><designation><language value="pt-BR"/><use><system value="http://terminology.hl7.org/CodeSystem/designation-usage"/><code value="display"/></use><value value="Campanha seletiva"/></designation></concept><concept><code value="7"/><display value="Soroterapia"/><designation><language value="en"/><value value="Serum therapy"/></designation><designation><language value="es"/><value value="Sueroterapia"/></designation><designation><language value="pt-BR"/><use><system value="http://terminology.hl7.org/CodeSystem/designation-usage"/><code value="display"/></use><value value="Soroterapia"/></designation></concept><concept><code value="8"/><display value="Serviço Privado"/><designation><language value="en"/><value value="Private Sector"/></designation><designation><language value="es"/><value value="Servicio privado"/></designation><designation><language value="pt-BR"/><use><system value="http://terminology.hl7.org/CodeSystem/designation-usage"/><code value="display"/></use><value value="Serviço Privado"/></designation></concept><concept><code value="9"/><display value="Monitoramento rápido de cobertura vacinal"/><designation><language value="en"/><value value="Rapid monitoring of vaccination coverage"/></designation><designation><language value="es"/><value value="Seguimiento rápido de la cobertura de vacunación"/></designation><designation><language value="pt-BR"/><use><system value="http://terminology.hl7.org/CodeSystem/designation-usage"/><code value="display"/></use><value value="Monitoramento rápido de cobertura vacinal"/></designation></concept><concept><code value="10"/><display value="Pesquisa"/><designation><language value="en"/><value value="Trials"/></designation><designation><language value="es"/><value value="Ensayos clínicos"/></designation><designation><language value="pt-BR"/><use><system value="http://terminology.hl7.org/CodeSystem/designation-usage"/><code value="display"/></use><value value="Pesquisa"/></designation></concept><concept><code value="11"/><display value="Pré-exposição"/><designation><language value="en"/><value value="Pre-exposure"/></designation><designation><language value="es"/><value value="Preexposición"/></designation><designation><language value="pt-BR"/><use><system value="http://terminology.hl7.org/CodeSystem/designation-usage"/><code value="display"/></use><value value="Pré-exposição"/></designation></concept><concept><code value="12"/><display value="Pós-exposição"/><designation><language value="en"/><value value="Post-exposure"/></designation><designation><language value="es"/><value value="Post-exposición"/></designation><designation><language value="pt-BR"/><use><system value="http://terminology.hl7.org/CodeSystem/designation-usage"/><code value="display"/></use><value value="Pós-exposição"/></designation></concept><concept><code value="13"/><display value="Reexposição"/><designation><language value="en"/><value value="Re-exposure"/></designation><designation><language value="es"/><value value="Reexposición"/></designation><designation><language value="pt-BR"/><use><system value="http://terminology.hl7.org/CodeSystem/designation-usage"/><code value="display"/></use><value value="Reexposição"/></designation></concept><concept><code value="14"/><display value="Vacinação Escolar"/><designation><language value="pt-BR"/><use><system value="http://terminology.hl7.org/CodeSystem/designation-usage"/><code value="display"/></use><value value="Vacinação Escolar"/></designation></concept></CodeSystem>