<?xml version="1.0" encoding="UTF-8"?><ImplementationGuide xmlns="http://hl7.org/fhir"><id value="br.gov.saude.ria.fhir"/><language value="pt-BR"/><text><status value="generated"/><div xmlns="http://www.w3.org/1999/xhtml" xml:lang="pt-BR" lang="pt-BR"><p class="res-header-id"><b>Generated Narrative: ImplementationGuide br.gov.saude.ria.fhir</b></p><a name="br.gov.saude.ria.fhir"> </a><a name="hcbr.gov.saude.ria.fhir"> </a><a name="br.gov.saude.ria.fhir-und"> </a><div style="display: inline-block; background-color: #d9e0e7; padding: 6px; margin: 4px; border: 1px solid #8da1b4; border-radius: 5px; line-height: 60%"><p style="margin-bottom: 0px">Language: pt-BR</p></div><h2>RIARNDSIG</h2><p>The official URL for this implementation guide is: </p><pre>http://www.saude.gov.br/fhir/r4/ImplementationGuide/br.gov.saude.ria.fhir</pre><div><p>Guia de Implementação da Rede Nacional de Dados em Saúde (RNDS)</p>
</div></div></text><extension url="http://hl7.org/fhir/StructureDefinition/structuredefinition-standards-status"><valueCode value="informative"/></extension><extension url="http://hl7.org/fhir/StructureDefinition/structuredefinition-fmm"><valueInteger value="1"/></extension><url value="http://www.saude.gov.br/fhir/r4/ImplementationGuide/br.gov.saude.ria.fhir"/><version value="0.1.0"/><name value="RIARNDSIG"/><title value="Guia de Implementação do Registro de Imunobiológico Administrado (RIA) da RNDS"/><status value="active"/><experimental value="false"/><date value="2025-01-14T15:43:26-03:00"/><publisher value="Ministério da Saúde do Brasil"/><contact><telecom><system value="url"/><value value="http://www.saude.gov.br"/></telecom></contact><description value="Guia de Implementação da Rede Nacional de Dados em Saúde (RNDS)"/><jurisdiction><coding><system value="urn:iso:std:iso:3166"/><code value="BR"/></coding></jurisdiction><packageId value="br.gov.saude.ria.fhir"/><license value="CC0-1.0"/><fhirVersion value="4.0.1"/><dependsOn id="hl7tx"><extension url="http://hl7.org/fhir/tools/StructureDefinition/implementationguide-dependency-comment"><valueMarkdown value="Automatically added as a dependency - all IGs depend on HL7 Terminology"/></extension><uri value="http://terminology.hl7.org/ImplementationGuide/hl7.terminology"/><packageId value="hl7.terminology.r4"/><version value="6.1.0"/></dependsOn><dependsOn id="hl7ext"><extension url="http://hl7.org/fhir/tools/StructureDefinition/implementationguide-dependency-comment"><valueMarkdown value="Automatically added as a dependency - all IGs depend on the HL7 Extension Pack"/></extension><uri value="http://hl7.org/fhir/extensions/ImplementationGuide/hl7.fhir.uv.extensions"/><packageId value="hl7.fhir.uv.extensions.r4"/><version value="5.1.0"/></dependsOn><definition><extension url="http://hl7.org/fhir/tools/StructureDefinition/ig-parameter"><extension url="code"><valueString value="copyrightyear"/></extension><extension url="value"><valueString value="2023+"/></extension></extension><extension url="http://hl7.org/fhir/tools/StructureDefinition/ig-parameter"><extension url="code"><valueString value="releaselabel"/></extension><extension url="value"><valueString value="STU1"/></extension></extension><extension url="http://hl7.org/fhir/tools/StructureDefinition/ig-parameter"><extension url="code"><valueString value="shownav"/></extension><extension url="value"><valueString value="true"/></extension></extension><extension url="http://hl7.org/fhir/tools/StructureDefinition/ig-parameter"><extension url="code"><valueString value="autoload-resources"/></extension><extension url="value"><valueString value="true"/></extension></extension><extension url="http://hl7.org/fhir/tools/StructureDefinition/ig-parameter"><extension url="code"><valueString value="path-liquid"/></extension><extension url="value"><valueString value="template/liquid"/></extension></extension><extension url="http://hl7.org/fhir/tools/StructureDefinition/ig-parameter"><extension url="code"><valueString value="path-liquid"/></extension><extension url="value"><valueString value="input/liquid"/></extension></extension><extension url="http://hl7.org/fhir/tools/StructureDefinition/ig-parameter"><extension url="code"><valueString value="path-qa"/></extension><extension url="value"><valueString value="temp/qa"/></extension></extension><extension url="http://hl7.org/fhir/tools/StructureDefinition/ig-parameter"><extension url="code"><valueString value="path-temp"/></extension><extension url="value"><valueString value="temp/pages"/></extension></extension><extension url="http://hl7.org/fhir/tools/StructureDefinition/ig-parameter"><extension url="code"><valueString value="path-output"/></extension><extension url="value"><valueString value="output"/></extension></extension><extension url="http://hl7.org/fhir/tools/StructureDefinition/ig-parameter"><extension url="code"><valueString value="path-suppressed-warnings"/></extension><extension url="value"><valueString value="input/ignoreWarnings.txt"/></extension></extension><extension url="http://hl7.org/fhir/tools/StructureDefinition/ig-parameter"><extension url="code"><valueString value="path-history"/></extension><extension url="value"><valueString value="http://www.saude.gov.br/fhir/r4/history.html"/></extension></extension><extension url="http://hl7.org/fhir/tools/StructureDefinition/ig-parameter"><extension url="code"><valueString value="template-html"/></extension><extension url="value"><valueString value="template-page.html"/></extension></extension><extension url="http://hl7.org/fhir/tools/StructureDefinition/ig-parameter"><extension url="code"><valueString value="template-md"/></extension><extension url="value"><valueString value="template-page-md.html"/></extension></extension><extension url="http://hl7.org/fhir/tools/StructureDefinition/ig-parameter"><extension url="code"><valueString value="apply-contact"/></extension><extension url="value"><valueString value="true"/></extension></extension><extension url="http://hl7.org/fhir/tools/StructureDefinition/ig-parameter"><extension url="code"><valueString value="apply-context"/></extension><extension url="value"><valueString value="true"/></extension></extension><extension url="http://hl7.org/fhir/tools/StructureDefinition/ig-parameter"><extension url="code"><valueString value="apply-copyright"/></extension><extension url="value"><valueString value="true"/></extension></extension><extension url="http://hl7.org/fhir/tools/StructureDefinition/ig-parameter"><extension url="code"><valueString value="apply-jurisdiction"/></extension><extension url="value"><valueString value="true"/></extension></extension><extension url="http://hl7.org/fhir/tools/StructureDefinition/ig-parameter"><extension url="code"><valueString value="apply-license"/></extension><extension url="value"><valueString value="true"/></extension></extension><extension url="http://hl7.org/fhir/tools/StructureDefinition/ig-parameter"><extension url="code"><valueString value="apply-publisher"/></extension><extension url="value"><valueString value="true"/></extension></extension><extension url="http://hl7.org/fhir/tools/StructureDefinition/ig-parameter"><extension url="code"><valueString value="apply-version"/></extension><extension url="value"><valueString value="true"/></extension></extension><extension url="http://hl7.org/fhir/tools/StructureDefinition/ig-parameter"><extension url="code"><valueString value="apply-wg"/></extension><extension url="value"><valueString value="true"/></extension></extension><extension url="http://hl7.org/fhir/tools/StructureDefinition/ig-parameter"><extension url="code"><valueString value="active-tables"/></extension><extension url="value"><valueString value="true"/></extension></extension><extension url="http://hl7.org/fhir/tools/StructureDefinition/ig-parameter"><extension url="code"><valueString value="fmm-definition"/></extension><extension url="value"><valueString value="http://hl7.org/fhir/versions.html#maturity"/></extension></extension><extension url="http://hl7.org/fhir/tools/StructureDefinition/ig-parameter"><extension url="code"><valueString value="propagate-status"/></extension><extension url="value"><valueString value="true"/></extension></extension><extension url="http://hl7.org/fhir/tools/StructureDefinition/ig-parameter"><extension url="code"><valueString value="excludelogbinaryformat"/></extension><extension url="value"><valueString value="true"/></extension></extension><extension url="http://hl7.org/fhir/tools/StructureDefinition/ig-parameter"><extension url="code"><valueString value="tabbed-snapshots"/></extension><extension url="value"><valueString value="true"/></extension></extension><extension url="http://hl7.org/fhir/tools/StructureDefinition/ig-internal-dependency"><valueCode value="hl7.fhir.uv.tools.r4#0.3.0"/></extension><extension url="http://hl7.org/fhir/tools/StructureDefinition/ig-parameter"><extension url="code"><valueCode value="copyrightyear"/></extension><extension url="value"><valueString value="2023+"/></extension></extension><extension url="http://hl7.org/fhir/tools/StructureDefinition/ig-parameter"><extension url="code"><valueCode value="releaselabel"/></extension><extension url="value"><valueString value="STU1"/></extension></extension><extension url="http://hl7.org/fhir/tools/StructureDefinition/ig-parameter"><extension url="code"><valueCode value="shownav"/></extension><extension url="value"><valueString value="true"/></extension></extension><extension url="http://hl7.org/fhir/tools/StructureDefinition/ig-parameter"><extension url="code"><valueCode value="autoload-resources"/></extension><extension url="value"><valueString value="true"/></extension></extension><extension url="http://hl7.org/fhir/tools/StructureDefinition/ig-parameter"><extension url="code"><valueCode value="path-liquid"/></extension><extension url="value"><valueString value="template/liquid"/></extension></extension><extension url="http://hl7.org/fhir/tools/StructureDefinition/ig-parameter"><extension url="code"><valueCode value="path-liquid"/></extension><extension url="value"><valueString value="input/liquid"/></extension></extension><extension url="http://hl7.org/fhir/tools/StructureDefinition/ig-parameter"><extension url="code"><valueCode value="path-qa"/></extension><extension url="value"><valueString value="temp/qa"/></extension></extension><extension url="http://hl7.org/fhir/tools/StructureDefinition/ig-parameter"><extension url="code"><valueCode value="path-temp"/></extension><extension url="value"><valueString value="temp/pages"/></extension></extension><extension url="http://hl7.org/fhir/tools/StructureDefinition/ig-parameter"><extension url="code"><valueCode value="path-output"/></extension><extension url="value"><valueString value="output"/></extension></extension><extension url="http://hl7.org/fhir/tools/StructureDefinition/ig-parameter"><extension url="code"><valueCode value="path-suppressed-warnings"/></extension><extension url="value"><valueString value="input/ignoreWarnings.txt"/></extension></extension><extension url="http://hl7.org/fhir/tools/StructureDefinition/ig-parameter"><extension url="code"><valueCode value="path-history"/></extension><extension url="value"><valueString value="http://www.saude.gov.br/fhir/r4/history.html"/></extension></extension><extension url="http://hl7.org/fhir/tools/StructureDefinition/ig-parameter"><extension url="code"><valueCode value="template-html"/></extension><extension url="value"><valueString value="template-page.html"/></extension></extension><extension url="http://hl7.org/fhir/tools/StructureDefinition/ig-parameter"><extension url="code"><valueCode value="template-md"/></extension><extension url="value"><valueString value="template-page-md.html"/></extension></extension><extension url="http://hl7.org/fhir/tools/StructureDefinition/ig-parameter"><extension url="code"><valueCode value="apply-contact"/></extension><extension url="value"><valueString value="true"/></extension></extension><extension url="http://hl7.org/fhir/tools/StructureDefinition/ig-parameter"><extension url="code"><valueCode value="apply-context"/></extension><extension url="value"><valueString value="true"/></extension></extension><extension url="http://hl7.org/fhir/tools/StructureDefinition/ig-parameter"><extension url="code"><valueCode value="apply-copyright"/></extension><extension url="value"><valueString value="true"/></extension></extension><extension url="http://hl7.org/fhir/tools/StructureDefinition/ig-parameter"><extension url="code"><valueCode value="apply-jurisdiction"/></extension><extension url="value"><valueString value="true"/></extension></extension><extension url="http://hl7.org/fhir/tools/StructureDefinition/ig-parameter"><extension url="code"><valueCode value="apply-license"/></extension><extension url="value"><valueString value="true"/></extension></extension><extension url="http://hl7.org/fhir/tools/StructureDefinition/ig-parameter"><extension url="code"><valueCode value="apply-publisher"/></extension><extension url="value"><valueString value="true"/></extension></extension><extension url="http://hl7.org/fhir/tools/StructureDefinition/ig-parameter"><extension url="code"><valueCode value="apply-version"/></extension><extension url="value"><valueString value="true"/></extension></extension><extension url="http://hl7.org/fhir/tools/StructureDefinition/ig-parameter"><extension url="code"><valueCode value="apply-wg"/></extension><extension url="value"><valueString value="true"/></extension></extension><extension url="http://hl7.org/fhir/tools/StructureDefinition/ig-parameter"><extension url="code"><valueCode value="active-tables"/></extension><extension url="value"><valueString value="true"/></extension></extension><extension url="http://hl7.org/fhir/tools/StructureDefinition/ig-parameter"><extension url="code"><valueCode value="fmm-definition"/></extension><extension url="value"><valueString value="http://hl7.org/fhir/versions.html#maturity"/></extension></extension><extension url="http://hl7.org/fhir/tools/StructureDefinition/ig-parameter"><extension url="code"><valueCode value="propagate-status"/></extension><extension url="value"><valueString value="true"/></extension></extension><extension url="http://hl7.org/fhir/tools/StructureDefinition/ig-parameter"><extension url="code"><valueCode value="excludelogbinaryformat"/></extension><extension url="value"><valueString value="true"/></extension></extension><extension url="http://hl7.org/fhir/tools/StructureDefinition/ig-parameter"><extension url="code"><valueCode value="tabbed-snapshots"/></extension><extension url="value"><valueString value="true"/></extension></extension><extension url="http://hl7.org/fhir/tools/StructureDefinition/ig-parameter"><extension url="code"><valueCode value="copyrightyear"/></extension><extension url="value"><valueString value="2023+"/></extension></extension><extension url="http://hl7.org/fhir/tools/StructureDefinition/ig-parameter"><extension url="code"><valueCode value="releaselabel"/></extension><extension url="value"><valueString value="STU1"/></extension></extension><extension url="http://hl7.org/fhir/tools/StructureDefinition/ig-parameter"><extension url="code"><valueCode value="shownav"/></extension><extension url="value"><valueString value="true"/></extension></extension><extension url="http://hl7.org/fhir/tools/StructureDefinition/ig-parameter"><extension url="code"><valueCode value="autoload-resources"/></extension><extension url="value"><valueString value="true"/></extension></extension><extension url="http://hl7.org/fhir/tools/StructureDefinition/ig-parameter"><extension url="code"><valueCode value="path-liquid"/></extension><extension url="value"><valueString value="template/liquid"/></extension></extension><extension url="http://hl7.org/fhir/tools/StructureDefinition/ig-parameter"><extension url="code"><valueCode value="path-liquid"/></extension><extension url="value"><valueString value="input/liquid"/></extension></extension><extension url="http://hl7.org/fhir/tools/StructureDefinition/ig-parameter"><extension url="code"><valueCode value="path-qa"/></extension><extension url="value"><valueString value="temp/qa"/></extension></extension><extension url="http://hl7.org/fhir/tools/StructureDefinition/ig-parameter"><extension url="code"><valueCode value="path-temp"/></extension><extension url="value"><valueString value="temp/pages"/></extension></extension><extension url="http://hl7.org/fhir/tools/StructureDefinition/ig-parameter"><extension url="code"><valueCode value="path-output"/></extension><extension url="value"><valueString value="output"/></extension></extension><extension url="http://hl7.org/fhir/tools/StructureDefinition/ig-parameter"><extension url="code"><valueCode value="path-suppressed-warnings"/></extension><extension url="value"><valueString value="input/ignoreWarnings.txt"/></extension></extension><extension url="http://hl7.org/fhir/tools/StructureDefinition/ig-parameter"><extension url="code"><valueCode value="path-history"/></extension><extension url="value"><valueString value="http://www.saude.gov.br/fhir/r4/history.html"/></extension></extension><extension url="http://hl7.org/fhir/tools/StructureDefinition/ig-parameter"><extension url="code"><valueCode value="template-html"/></extension><extension url="value"><valueString value="template-page.html"/></extension></extension><extension url="http://hl7.org/fhir/tools/StructureDefinition/ig-parameter"><extension url="code"><valueCode value="template-md"/></extension><extension url="value"><valueString value="template-page-md.html"/></extension></extension><extension url="http://hl7.org/fhir/tools/StructureDefinition/ig-parameter"><extension url="code"><valueCode value="apply-contact"/></extension><extension url="value"><valueString value="true"/></extension></extension><extension url="http://hl7.org/fhir/tools/StructureDefinition/ig-parameter"><extension url="code"><valueCode value="apply-context"/></extension><extension url="value"><valueString value="true"/></extension></extension><extension url="http://hl7.org/fhir/tools/StructureDefinition/ig-parameter"><extension url="code"><valueCode value="apply-copyright"/></extension><extension url="value"><valueString value="true"/></extension></extension><extension url="http://hl7.org/fhir/tools/StructureDefinition/ig-parameter"><extension url="code"><valueCode value="apply-jurisdiction"/></extension><extension url="value"><valueString value="true"/></extension></extension><extension url="http://hl7.org/fhir/tools/StructureDefinition/ig-parameter"><extension url="code"><valueCode value="apply-license"/></extension><extension url="value"><valueString value="true"/></extension></extension><extension url="http://hl7.org/fhir/tools/StructureDefinition/ig-parameter"><extension url="code"><valueCode value="apply-publisher"/></extension><extension url="value"><valueString value="true"/></extension></extension><extension url="http://hl7.org/fhir/tools/StructureDefinition/ig-parameter"><extension url="code"><valueCode value="apply-version"/></extension><extension url="value"><valueString value="true"/></extension></extension><extension url="http://hl7.org/fhir/tools/StructureDefinition/ig-parameter"><extension url="code"><valueCode value="apply-wg"/></extension><extension url="value"><valueString value="true"/></extension></extension><extension url="http://hl7.org/fhir/tools/StructureDefinition/ig-parameter"><extension url="code"><valueCode value="active-tables"/></extension><extension url="value"><valueString value="true"/></extension></extension><extension url="http://hl7.org/fhir/tools/StructureDefinition/ig-parameter"><extension url="code"><valueCode value="fmm-definition"/></extension><extension url="value"><valueString value="http://hl7.org/fhir/versions.html#maturity"/></extension></extension><extension url="http://hl7.org/fhir/tools/StructureDefinition/ig-parameter"><extension url="code"><valueCode value="propagate-status"/></extension><extension url="value"><valueString value="true"/></extension></extension><extension url="http://hl7.org/fhir/tools/StructureDefinition/ig-parameter"><extension url="code"><valueCode value="excludelogbinaryformat"/></extension><extension url="value"><valueString value="true"/></extension></extension><extension url="http://hl7.org/fhir/tools/StructureDefinition/ig-parameter"><extension url="code"><valueCode value="tabbed-snapshots"/></extension><extension url="value"><valueString value="true"/></extension></extension><grouping id="-str-profile"><name value="Structures: Resource Profiles"/><description value="These define constraints on FHIR resources for systems conforming to this implementation guide."/></grouping><grouping id="-str-extension"><name value="Structures: Extension Definitions"/><description value="These define constraints on FHIR data types for systems conforming to this implementation guide."/></grouping><grouping id="-term-valueset"><name value="Terminology: Value Sets"/><description value="These define sets of codes used by systems conforming to this implementation guide."/></grouping><grouping id="-term-codesystem"><name value="Terminology: Code Systems"/><description value="These define new code systems used by systems conforming to this implementation guide."/></grouping><grouping id="-ex-example"><name value="Example: Example Instances"/><description value="These are example instances that show what data produced and consumed by systems conforming with this implementation guide might look like."/></grouping><resource><extension url="http://hl7.org/fhir/tools/StructureDefinition/resource-sort"><valueInteger value="999999999"/></extension><extension url="http://hl7.org/fhir/StructureDefinition/implementationguide-page"><valueUri value="StructureDefinition-BRCID10Avaliado-1.0.html"/></extension><reference><reference value="StructureDefinition/BRCID10Avaliado-1.0"/></reference><name value="CID10 Avaliado"/><description value="Diagnóstico atribuído pelo profissional de saúde ao indivíduo no contato assistencial."/><groupingId value="-str-profile"/></resource><resource><extension url="http://hl7.org/fhir/tools/StructureDefinition/resource-sort"><valueInteger value="999999999"/></extension><extension url="http://hl7.org/fhir/StructureDefinition/implementationguide-page"><valueUri value="StructureDefinition-BRImunobiologicoAdministradoCampanha-2.0.html"/></extension><reference><reference value="StructureDefinition/BRImunobiologicoAdministradoCampanha-2.0"/></reference><name value="Imunobiológico Administrado em Campanha"/><description value="Representa um imunobiológico administrado em campanha vacinal (Portaria Conjunta SAES/SVSA/SEIDIGI Nº 25, de 27 de Novembro de 2023)."/><groupingId value="-str-profile"/></resource><resource><extension url="http://hl7.org/fhir/tools/StructureDefinition/resource-sort"><valueInteger value="999999999"/></extension><extension url="http://hl7.org/fhir/StructureDefinition/implementationguide-page"><valueUri value="StructureDefinition-BRImunobiologicoAdministrado-3.0.html"/></extension><reference><reference value="StructureDefinition/BRImunobiologicoAdministrado-3.0"/></reference><name value="Imunobiológico Administrado em Rotina"/><description value="Representa um imunobiológico administrado em Rotina (Portaria Conjunta SAES/SVSA/SEIDIGI Nº 25, de 27 de Novembro de 2023)."/><groupingId value="-str-profile"/></resource><resource><extension url="http://hl7.org/fhir/tools/StructureDefinition/resource-sort"><valueInteger value="999999999"/></extension><extension url="http://hl7.org/fhir/StructureDefinition/implementationguide-page"><valueUri value="StructureDefinition-BRRegistroImunobiologicoAdministradoCampanha-2.0.html"/></extension><reference><reference value="StructureDefinition/BRRegistroImunobiologicoAdministradoCampanha-2.0"/></reference><name value="Registro de Imunobiológico Administrado na Campanha"/><description value="Documento que aprepresenta o registro da administração de imunobiológicos em campanha vacinal (Portaria Conjunta SAES/SVSA/SEIDIGI Nº 25, de 27 de Novembro de 2023)."/><groupingId value="-str-profile"/></resource><resource><extension url="http://hl7.org/fhir/tools/StructureDefinition/resource-sort"><valueInteger value="999999999"/></extension><extension url="http://hl7.org/fhir/StructureDefinition/implementationguide-page"><valueUri value="StructureDefinition-BRRegistroImunobiologicoAdministradoRotina-2.0.html"/></extension><reference><reference value="StructureDefinition/BRRegistroImunobiologicoAdministradoRotina-2.0"/></reference><name value="Registro de Imunobiológico Administrado na Rotina"/><description value="Documento que aprepresenta o registro da administração de imunobiológicos na rotina de imunização (Portaria Conjunta SAES/SVSA/SEIDIGI Nº 25, de 27 de Novembro de 2023)."/><groupingId value="-str-profile"/></resource><resource><extension url="http://hl7.org/fhir/tools/StructureDefinition/resource-sort"><valueInteger value="999999999"/></extension><extension url="http://hl7.org/fhir/StructureDefinition/implementationguide-page"><valueUri value="StructureDefinition-BRCondicaoMaternal.html"/></extension><reference><reference value="StructureDefinition/BRCondicaoMaternal"/></reference><name value="Condição Maternal"/><description value="Indicação da condição maternal da pessoa vacinada (Nenhuma, Gestante, Puérpera). O campo é de preenchimento obrigatório para indivíduos em idade fértil, independente do sexo."/><groupingId value="-str-extension"/></resource><resource><extension url="http://hl7.org/fhir/tools/StructureDefinition/resource-sort"><valueInteger value="999999999"/></extension><extension url="http://hl7.org/fhir/StructureDefinition/implementationguide-page"><valueUri value="StructureDefinition-BRContatoHanseniase.html"/></extension><reference><reference value="StructureDefinition/BRContatoHanseniase"/></reference><name value="Contato Hanseníase"/><description value="Extensão utilizada para identificar indivíduos com contato próximo de pacientes que vivem com Hanseníase."/><groupingId value="-str-extension"/></resource><resource><extension url="http://hl7.org/fhir/tools/StructureDefinition/resource-sort"><valueInteger value="999999999"/></extension><extension url="http://hl7.org/fhir/StructureDefinition/implementationguide-page"><valueUri value="StructureDefinition-BREstrategiaVacinacao-1.0.html"/></extension><reference><reference value="StructureDefinition/BREstrategiaVacinacao-1.0"/></reference><name value="Estratégia de Vacinação"/><description value="Identifica a estratégia de vacinação adotada."/><groupingId value="-str-extension"/></resource><resource><extension url="http://hl7.org/fhir/tools/StructureDefinition/resource-sort"><valueInteger value="999999999"/></extension><extension url="http://hl7.org/fhir/StructureDefinition/implementationguide-page"><valueUri value="StructureDefinition-BREstrategiaVacinacaoPesquisa-1.0.html"/></extension><reference><reference value="StructureDefinition/BREstrategiaVacinacaoPesquisa-1.0"/></reference><name value="Estratégia de Vacinação Pesquisa"/><description value="Extensão para as informações relacionadas aos dados da pesquisa clínica registrada na ANVISA."/><groupingId value="-str-extension"/></resource><resource><extension url="http://hl7.org/fhir/tools/StructureDefinition/resource-sort"><valueInteger value="999999999"/></extension><extension url="http://hl7.org/fhir/StructureDefinition/implementationguide-page"><valueUri value="StructureDefinition-BRGrupoAtendimento.html"/></extension><reference><reference value="StructureDefinition/BRGrupoAtendimento"/></reference><name value="Grupo de Atendimento"/><description value="Identificação do grupo de atendimento para vacinação."/><groupingId value="-str-extension"/></resource><resource><extension url="http://hl7.org/fhir/tools/StructureDefinition/resource-sort"><valueInteger value="999999999"/></extension><extension url="http://hl7.org/fhir/StructureDefinition/implementationguide-page"><valueUri value="ValueSet-BRCategoriaDiagnostico.html"/></extension><reference><reference value="ValueSet/BRCategoriaDiagnostico"/></reference><name value="Categoria do Diagnóstico"/><description value="ValueSet utilizado para definir o tipo de categoria do diagnóstico realizado."/><groupingId value="-term-valueset"/></resource><resource><extension url="http://hl7.org/fhir/tools/StructureDefinition/resource-sort"><valueInteger value="999999999"/></extension><extension url="http://hl7.org/fhir/StructureDefinition/implementationguide-page"><valueUri value="ValueSet-BRCID10-1.0.html"/></extension><reference><reference value="ValueSet/BRCID10-1.0"/></reference><name value="Classificação Internacional de Doenças - Décima Revisão (CID-10)"/><description value="Classificação Internacional de Doenças - Décima Revisão (CID-10)"/><groupingId value="-term-valueset"/></resource><resource><extension url="http://hl7.org/fhir/tools/StructureDefinition/resource-sort"><valueInteger value="999999999"/></extension><extension url="http://hl7.org/fhir/StructureDefinition/implementationguide-page"><valueUri value="ValueSet-BRCondicaoMaternal-1.0.html"/></extension><reference><reference value="ValueSet/BRCondicaoMaternal-1.0"/></reference><name value="Condição Maternal"/><description value="ValueSet utilizado para Indicar a condição maternal da pessoa vacinada."/><groupingId value="-term-valueset"/></resource><resource><extension url="http://hl7.org/fhir/tools/StructureDefinition/resource-sort"><valueInteger value="999999999"/></extension><extension url="http://hl7.org/fhir/StructureDefinition/implementationguide-page"><valueUri value="ValueSet-BRDose-1.0.html"/></extension><reference><reference value="ValueSet/BRDose-1.0"/></reference><name value="Dose do Imunobiológico"/><description value="ValueSet utilizado para definir o tipo da dose administrada no indivíduo."/><groupingId value="-term-valueset"/></resource><resource><extension url="http://hl7.org/fhir/tools/StructureDefinition/resource-sort"><valueInteger value="999999999"/></extension><extension url="http://hl7.org/fhir/StructureDefinition/implementationguide-page"><valueUri value="ValueSet-BREstadoResolucaoDiagnosticoProblema-1.0.html"/></extension><reference><reference value="ValueSet/BREstadoResolucaoDiagnosticoProblema-1.0"/></reference><name value="Estado da Resolução de Diagnóstico ou Problema"/><description value="Estado da resolução de um diagnóstico ou problema."/><groupingId value="-term-valueset"/></resource><resource><extension url="http://hl7.org/fhir/tools/StructureDefinition/resource-sort"><valueInteger value="999999999"/></extension><extension url="http://hl7.org/fhir/StructureDefinition/implementationguide-page"><valueUri value="ValueSet-BREstadoEvento-1.0.html"/></extension><reference><reference value="ValueSet/BREstadoEvento-1.0"/></reference><name value="Estado do Evento"/><description value="Identificação do estado de um evento."/><groupingId value="-term-valueset"/></resource><resource><extension url="http://hl7.org/fhir/tools/StructureDefinition/resource-sort"><valueInteger value="999999999"/></extension><extension url="http://hl7.org/fhir/StructureDefinition/implementationguide-page"><valueUri value="ValueSet-BREstrategiaVacinacao-1.0.html"/></extension><reference><reference value="ValueSet/BREstrategiaVacinacao-1.0"/></reference><name value="Estratégia de Vacinação"/><description value="Identifica a estratégia de vacinação adotada."/><groupingId value="-term-valueset"/></resource><resource><extension url="http://hl7.org/fhir/tools/StructureDefinition/resource-sort"><valueInteger value="999999999"/></extension><extension url="http://hl7.org/fhir/StructureDefinition/implementationguide-page"><valueUri value="ValueSet-BRFabricanteImunobiologico-1.0.html"/></extension><reference><reference value="ValueSet/BRFabricanteImunobiologico-1.0"/></reference><name value="Fabricante do Imunobiológico"/><description value="Fabricante do imunobiológico administrado"/><groupingId value="-term-valueset"/></resource><resource><extension url="http://hl7.org/fhir/tools/StructureDefinition/resource-sort"><valueInteger value="999999999"/></extension><extension url="http://hl7.org/fhir/StructureDefinition/implementationguide-page"><valueUri value="ValueSet-BRImunobiologico-1.0.html"/></extension><reference><reference value="ValueSet/BRImunobiologico-1.0"/></reference><name value="Imunobiológico"/><description value="Tipos de imunobiológicos disponíveis no Brasil."/><groupingId value="-term-valueset"/></resource><resource><extension url="http://hl7.org/fhir/tools/StructureDefinition/resource-sort"><valueInteger value="999999999"/></extension><extension url="http://hl7.org/fhir/StructureDefinition/implementationguide-page"><valueUri value="ValueSet-BRLocalAplicacao-1.0.html"/></extension><reference><reference value="ValueSet/BRLocalAplicacao-1.0"/></reference><name value="Local de Aplicação"/><description value="Localização anatômica para aplicação de um injetável."/><groupingId value="-term-valueset"/></resource><resource><extension url="http://hl7.org/fhir/tools/StructureDefinition/resource-sort"><valueInteger value="999999999"/></extension><extension url="http://hl7.org/fhir/StructureDefinition/implementationguide-page"><valueUri value="ValueSet-BRPais-1.0.html"/></extension><reference><reference value="ValueSet/BRPais-1.0"/></reference><name value="País"/><description value="Códigos para representação de países."/><groupingId value="-term-valueset"/></resource><resource><extension url="http://hl7.org/fhir/tools/StructureDefinition/resource-sort"><valueInteger value="999999999"/></extension><extension url="http://hl7.org/fhir/StructureDefinition/implementationguide-page"><valueUri value="ValueSet-BRRegistroOrigem.html"/></extension><reference><reference value="ValueSet/BRRegistroOrigem"/></reference><name value="Registro de Origem"/><description value="Códigos para representação da Origem do Registro de Imunobiológico."/><groupingId value="-term-valueset"/></resource><resource><extension url="http://hl7.org/fhir/tools/StructureDefinition/resource-sort"><valueInteger value="999999999"/></extension><extension url="http://hl7.org/fhir/StructureDefinition/implementationguide-page"><valueUri value="ValueSet-BRTipoDocumento-1.0.html"/></extension><reference><reference value="ValueSet/BRTipoDocumento-1.0"/></reference><name value="Tipo de Documento"/><description value="Classifica o tipo de documento que está sendo trafegado."/><groupingId value="-term-valueset"/></resource><resource><extension url="http://hl7.org/fhir/tools/StructureDefinition/resource-sort"><valueInteger value="999999999"/></extension><extension url="http://hl7.org/fhir/StructureDefinition/implementationguide-page"><valueUri value="ValueSet-BRGrupoAtendimento-1.0.html"/></extension><reference><reference value="ValueSet/BRGrupoAtendimento-1.0"/></reference><name value="Tipo de grupo de atendimento"/><description value="Identifica o tipo de grupo de atendimento que o indivíduo apresentou para a vacinação em campanha."/><groupingId value="-term-valueset"/></resource><resource><extension url="http://hl7.org/fhir/tools/StructureDefinition/resource-sort"><valueInteger value="999999999"/></extension><extension url="http://hl7.org/fhir/StructureDefinition/implementationguide-page"><valueUri value="ValueSet-BRViaAdministracao-1.0.html"/></extension><reference><reference value="ValueSet/BRViaAdministracao-1.0"/></reference><name value="Via de Administração do Imunobiológico"/><description value="Via de administração de um imunobiológico."/><groupingId value="-term-valueset"/></resource><resource><extension url="http://hl7.org/fhir/tools/StructureDefinition/resource-sort"><valueInteger value="999999999"/></extension><extension url="http://hl7.org/fhir/StructureDefinition/implementationguide-page"><valueUri value="CodeSystem-BRCategoriaDiagnostico.html"/></extension><reference><reference value="CodeSystem/BRCategoriaDiagnostico"/></reference><name value="Categoria do Diagnóstico"/><description value="Códigos para representação do tipo de categoria do diagnóstico realizado."/><groupingId value="-term-codesystem"/></resource><resource><extension url="http://hl7.org/fhir/tools/StructureDefinition/resource-sort"><valueInteger value="999999999"/></extension><extension url="http://hl7.org/fhir/StructureDefinition/implementationguide-page"><valueUri value="CodeSystem-BRCID10.html"/></extension><reference><reference value="CodeSystem/BRCID10"/></reference><name value="Classificação Internacional de Doenças - Décima Revisão (CID-10)"/><description value="Classifica as doenças e outros problemas em saúde registrados em diversos tipos de documentos clínicos."/><groupingId value="-term-codesystem"/></resource><resource><extension url="http://hl7.org/fhir/tools/StructureDefinition/resource-sort"><valueInteger value="999999999"/></extension><extension url="http://hl7.org/fhir/StructureDefinition/implementationguide-page"><valueUri value="CodeSystem-BRCondicaoMaternal.html"/></extension><reference><reference value="CodeSystem/BRCondicaoMaternal"/></reference><name value="Condição Maternal"/><description value="Indicação da condição maternal da pessoa vacinada."/><groupingId value="-term-codesystem"/></resource><resource><extension url="http://hl7.org/fhir/tools/StructureDefinition/resource-sort"><valueInteger value="999999999"/></extension><extension url="http://hl7.org/fhir/StructureDefinition/implementationguide-page"><valueUri value="CodeSystem-BRDose.html"/></extension><reference><reference value="CodeSystem/BRDose"/></reference><name value="Dose de Vacina"/><description value="Define a dose da administração de uma substância."/><groupingId value="-term-codesystem"/></resource><resource><extension url="http://hl7.org/fhir/tools/StructureDefinition/resource-sort"><valueInteger value="999999999"/></extension><extension url="http://hl7.org/fhir/StructureDefinition/implementationguide-page"><valueUri value="CodeSystem-BREstrategiaVacinacao.html"/></extension><reference><reference value="CodeSystem/BREstrategiaVacinacao"/></reference><name value="Estratégia de Vacinação"/><description value="Classifica a estratégia de vacinação adotada."/><groupingId value="-term-codesystem"/></resource><resource><extension url="http://hl7.org/fhir/tools/StructureDefinition/resource-sort"><valueInteger value="999999999"/></extension><extension url="http://hl7.org/fhir/StructureDefinition/implementationguide-page"><valueUri value="CodeSystem-BRFabricantePNI.html"/></extension><reference><reference value="CodeSystem/BRFabricantePNI"/></reference><name value="Fabricante do Imunobiológico"/><description value="Apresenta o fabricante do imunobiológico."/><groupingId value="-term-codesystem"/></resource><resource><extension url="http://hl7.org/fhir/tools/StructureDefinition/resource-sort"><valueInteger value="999999999"/></extension><extension url="http://hl7.org/fhir/StructureDefinition/implementationguide-page"><valueUri value="CodeSystem-BRGrupoAtendimento.html"/></extension><reference><reference value="CodeSystem/BRGrupoAtendimento"/></reference><name value="Grupo de Atendimento"/><description value="Domínio que identifica o tipo de grupo de atendimento que o indivíduo apresentou para a vacinação em campanha."/><groupingId value="-term-codesystem"/></resource><resource><extension url="http://hl7.org/fhir/tools/StructureDefinition/resource-sort"><valueInteger value="999999999"/></extension><extension url="http://hl7.org/fhir/StructureDefinition/implementationguide-page"><valueUri value="CodeSystem-BRImunobiologico.html"/></extension><reference><reference value="CodeSystem/BRImunobiologico"/></reference><name value="Imunobiológico"/><description value="Classifica os tipos de imunobiológicos."/><groupingId value="-term-codesystem"/></resource><resource><extension url="http://hl7.org/fhir/tools/StructureDefinition/resource-sort"><valueInteger value="999999999"/></extension><extension url="http://hl7.org/fhir/StructureDefinition/implementationguide-page"><valueUri value="CodeSystem-BRLocalAplicacao.html"/></extension><reference><reference value="CodeSystem/BRLocalAplicacao"/></reference><name value="Local de Aplicação"/><description value="Define a localização anatômica de aplicação de uma substância"/><groupingId value="-term-codesystem"/></resource><resource><extension url="http://hl7.org/fhir/tools/StructureDefinition/resource-sort"><valueInteger value="999999999"/></extension><extension url="http://hl7.org/fhir/StructureDefinition/implementationguide-page"><valueUri value="CodeSystem-BRPais.html"/></extension><reference><reference value="CodeSystem/BRPais"/></reference><name value="País"/><description value="Códigos para representação de países."/><groupingId value="-term-codesystem"/></resource><resource><extension url="http://hl7.org/fhir/tools/StructureDefinition/resource-sort"><valueInteger value="999999999"/></extension><extension url="http://hl7.org/fhir/StructureDefinition/implementationguide-page"><valueUri value="CodeSystem-BRRegistroOrigem.html"/></extension><reference><reference value="CodeSystem/BRRegistroOrigem"/></reference><name value="Registro de Origem"/><description value="Códigos para representação da Origem do Registro de Imunobiológico."/><groupingId value="-term-codesystem"/></resource><resource><extension url="http://hl7.org/fhir/tools/StructureDefinition/resource-sort"><valueInteger value="999999999"/></extension><extension url="http://hl7.org/fhir/StructureDefinition/implementationguide-page"><valueUri value="CodeSystem-BRTipoDocumento.html"/></extension><reference><reference value="CodeSystem/BRTipoDocumento"/></reference><name value="Tipo de Documento"/><description value="Classificação dos tipos de documentos compartilhados no Brasil."/><groupingId value="-term-codesystem"/></resource><resource><extension url="http://hl7.org/fhir/tools/StructureDefinition/resource-sort"><valueInteger value="999999999"/></extension><extension url="http://hl7.org/fhir/StructureDefinition/implementationguide-page"><valueUri value="CodeSystem-BRViaAdministracao.html"/></extension><reference><reference value="CodeSystem/BRViaAdministracao"/></reference><name value="Via de Administração"/><description value="Classifica a via na qual foi administrada uma substância em um indivíduo."/><groupingId value="-term-codesystem"/></resource><resource><extension url="http://hl7.org/fhir/tools/StructureDefinition/resource-sort"><valueInteger value="999999999"/></extension><extension url="http://hl7.org/fhir/StructureDefinition/implementationguide-page"><valueUri value="Bundle-example-RIA-C.html"/></extension><reference><reference value="Bundle/example-RIA-C"/></reference><name value="Bundle de exemplo do RIA-C"/><description value="Bundle de exemplo do Registro de Imunobiológico Administrado em Campanha (RIA-C)"/><exampleCanonical value="http://www.saude.gov.br/fhir/r4/StructureDefinition/BRRegistroImunobiologicoAdministradoCampanha-2.0"/><groupingId value="-ex-example"/></resource><resource><extension url="http://hl7.org/fhir/tools/StructureDefinition/resource-sort"><valueInteger value="999999999"/></extension><extension url="http://hl7.org/fhir/StructureDefinition/implementationguide-page"><valueUri value="Bundle-example-RIA-R.html"/></extension><reference><reference value="Bundle/example-RIA-R"/></reference><name value="Bundle de exemplo do RIA-R"/><description value="Bundle de exemplo do Registro de Imunobiológico Administrado em Rotina (RIA-R)"/><exampleCanonical value="http://www.saude.gov.br/fhir/r4/StructureDefinition/BRRegistroImunobiologicoAdministradoRotina-2.0"/><groupingId value="-ex-example"/></resource><page><extension url="http://hl7.org/fhir/StructureDefinition/structuredefinition-standards-status"><valueCode value="informative"/></extension><extension url="http://hl7.org/fhir/tools/StructureDefinition/ig-page-name"><valueUrl value="toc.html"/></extension><nameUrl value="toc.html"/><title value="Índice"/><generation value="html"/><page><extension url="http://hl7.org/fhir/StructureDefinition/structuredefinition-standards-status"><valueCode value="informative"/></extension><extension url="http://hl7.org/fhir/tools/StructureDefinition/ig-page-name"><valueUrl value="index.html"/></extension><nameUrl value="index.html"/><title value="Principal"/><generation value="html"/></page><page><extension url="http://hl7.org/fhir/StructureDefinition/structuredefinition-standards-status"><valueCode value="informative"/></extension><extension url="http://hl7.org/fhir/tools/StructureDefinition/ig-page-name"><valueUrl value="seguranca.html"/></extension><nameUrl value="seguranca.html"/><title value="Segurança"/><generation value="html"/></page><page><extension url="http://hl7.org/fhir/StructureDefinition/structuredefinition-standards-status"><valueCode value="informative"/></extension><extension url="http://hl7.org/fhir/tools/StructureDefinition/ig-page-name"><valueUrl value="integracao.html"/></extension><nameUrl value="integracao.html"/><title value="Integração"/><generation value="html"/></page><page><extension url="http://hl7.org/fhir/StructureDefinition/structuredefinition-standards-status"><valueCode value="informative"/></extension><extension url="http://hl7.org/fhir/tools/StructureDefinition/ig-page-name"><valueUrl value="credenciamento.html"/></extension><nameUrl value="credenciamento.html"/><title value="Credenciamento"/><generation value="html"/></page><page><extension url="http://hl7.org/fhir/StructureDefinition/structuredefinition-standards-status"><valueCode value="informative"/></extension><extension url="http://hl7.org/fhir/tools/StructureDefinition/ig-page-name"><valueUrl value="mcRiac.html"/></extension><nameUrl value="mcRiac.html"/><title value="Modelo Computacional"/><generation value="html"/></page><page><extension url="http://hl7.org/fhir/StructureDefinition/structuredefinition-standards-status"><valueCode value="informative"/></extension><extension url="http://hl7.org/fhir/tools/StructureDefinition/ig-page-name"><valueUrl value="mcRiar.html"/></extension><nameUrl value="mcRiar.html"/><title value="Modelo Computacional"/><generation value="html"/></page><page><extension url="http://hl7.org/fhir/StructureDefinition/structuredefinition-standards-status"><valueCode value="informative"/></extension><extension url="http://hl7.org/fhir/tools/StructureDefinition/ig-page-name"><valueUrl value="miRiac.html"/></extension><nameUrl value="miRiac.html"/><title value="Modelo de Informação"/><generation value="html"/></page><page><extension url="http://hl7.org/fhir/StructureDefinition/structuredefinition-standards-status"><valueCode value="informative"/></extension><extension url="http://hl7.org/fhir/tools/StructureDefinition/ig-page-name"><valueUrl value="miRiar.html"/></extension><nameUrl value="miRiar.html"/><title value="Modelo de Informação"/><generation value="html"/></page><page><extension url="http://hl7.org/fhir/StructureDefinition/structuredefinition-standards-status"><valueCode value="informative"/></extension><extension url="http://hl7.org/fhir/tools/StructureDefinition/ig-page-name"><valueUrl value="exemplos.html"/></extension><nameUrl value="exemplos.html"/><title value="Exemplos"/><generation value="html"/></page><page><extension url="http://hl7.org/fhir/StructureDefinition/structuredefinition-standards-status"><valueCode value="informative"/></extension><extension url="http://hl7.org/fhir/tools/StructureDefinition/ig-page-name"><valueUrl value="downloads.html"/></extension><nameUrl value="downloads.html"/><title value="Useful Downloads"/><generation value="html"/></page><page><extension url="http://hl7.org/fhir/StructureDefinition/structuredefinition-standards-status"><valueCode value="informative"/></extension><extension url="http://hl7.org/fhir/tools/StructureDefinition/ig-page-name"><valueUrl value="changes.html"/></extension><nameUrl value="changes.html"/><title value="Histórico de mudanças"/><generation value="html"/></page><page><extension url="http://hl7.org/fhir/tools/StructureDefinition/ig-page-name"><valueUrl value="artifacts.html"/></extension><nameUrl value="artifacts.html"/><title value="Artifacts Summary"/><generation value="html"/><page><extension url="http://hl7.org/fhir/tools/StructureDefinition/ig-page-name"><valueUrl value="StructureDefinition-BRCID10Avaliado-1.0.html"/></extension><nameUrl value="StructureDefinition-BRCID10Avaliado-1.0.html"/><title value="CID10 Avaliado"/><generation value="generated"/></page><page><extension url="http://hl7.org/fhir/tools/StructureDefinition/ig-page-name"><valueUrl value="StructureDefinition-BRImunobiologicoAdministrado-3.0.html"/></extension><nameUrl value="StructureDefinition-BRImunobiologicoAdministrado-3.0.html"/><title value="Imunobiológico Administrado em Rotina"/><generation value="generated"/></page><page><extension url="http://hl7.org/fhir/tools/StructureDefinition/ig-page-name"><valueUrl value="StructureDefinition-BRImunobiologicoAdministradoCampanha-2.0.html"/></extension><nameUrl value="StructureDefinition-BRImunobiologicoAdministradoCampanha-2.0.html"/><title value="Imunobiológico Administrado em Campanha"/><generation value="generated"/></page><page><extension url="http://hl7.org/fhir/tools/StructureDefinition/ig-page-name"><valueUrl value="StructureDefinition-BRRegistroImunobiologicoAdministradoCampanha-2.0.html"/></extension><nameUrl value="StructureDefinition-BRRegistroImunobiologicoAdministradoCampanha-2.0.html"/><title value="Registro de Imunobiológico Administrado na Campanha"/><generation value="generated"/></page><page><extension url="http://hl7.org/fhir/tools/StructureDefinition/ig-page-name"><valueUrl value="StructureDefinition-BRRegistroImunobiologicoAdministradoRotina-2.0.html"/></extension><nameUrl value="StructureDefinition-BRRegistroImunobiologicoAdministradoRotina-2.0.html"/><title value="Registro de Imunobiológico Administrado na Rotina"/><generation value="generated"/></page><page><extension url="http://hl7.org/fhir/tools/StructureDefinition/ig-page-name"><valueUrl value="StructureDefinition-BRCondicaoMaternal.html"/></extension><nameUrl value="StructureDefinition-BRCondicaoMaternal.html"/><title value="Condição Maternal"/><generation value="generated"/></page><page><extension url="http://hl7.org/fhir/tools/StructureDefinition/ig-page-name"><valueUrl value="StructureDefinition-BRContatoHanseniase.html"/></extension><nameUrl value="StructureDefinition-BRContatoHanseniase.html"/><title value="Contato Hanseníase"/><generation value="generated"/></page><page><extension url="http://hl7.org/fhir/tools/StructureDefinition/ig-page-name"><valueUrl value="StructureDefinition-BREstrategiaVacinacao-1.0.html"/></extension><nameUrl value="StructureDefinition-BREstrategiaVacinacao-1.0.html"/><title value="Estratégia de Vacinação"/><generation value="generated"/></page><page><extension url="http://hl7.org/fhir/tools/StructureDefinition/ig-page-name"><valueUrl value="StructureDefinition-BREstrategiaVacinacaoPesquisa-1.0.html"/></extension><nameUrl value="StructureDefinition-BREstrategiaVacinacaoPesquisa-1.0.html"/><title value="Estratégia de Vacinação Pesquisa"/><generation value="generated"/></page><page><extension url="http://hl7.org/fhir/tools/StructureDefinition/ig-page-name"><valueUrl value="StructureDefinition-BRGrupoAtendimento.html"/></extension><nameUrl value="StructureDefinition-BRGrupoAtendimento.html"/><title value="Grupo de Atendimento"/><generation value="generated"/></page><page><extension url="http://hl7.org/fhir/tools/StructureDefinition/ig-page-name"><valueUrl value="ValueSet-BRCID10-1.0.html"/></extension><nameUrl value="ValueSet-BRCID10-1.0.html"/><title value="Classificação Internacional de Doenças - Décima Revisão (CID-10)"/><generation value="generated"/></page><page><extension url="http://hl7.org/fhir/tools/StructureDefinition/ig-page-name"><valueUrl value="ValueSet-BRCategoriaDiagnostico.html"/></extension><nameUrl value="ValueSet-BRCategoriaDiagnostico.html"/><title value="Categoria do Diagnóstico"/><generation value="generated"/></page><page><extension url="http://hl7.org/fhir/tools/StructureDefinition/ig-page-name"><valueUrl value="ValueSet-BRCondicaoMaternal-1.0.html"/></extension><nameUrl value="ValueSet-BRCondicaoMaternal-1.0.html"/><title value="Condição Maternal"/><generation value="generated"/></page><page><extension url="http://hl7.org/fhir/tools/StructureDefinition/ig-page-name"><valueUrl value="ValueSet-BRDose-1.0.html"/></extension><nameUrl value="ValueSet-BRDose-1.0.html"/><title value="Dose do Imunobiológico"/><generation value="generated"/></page><page><extension url="http://hl7.org/fhir/tools/StructureDefinition/ig-page-name"><valueUrl value="ValueSet-BREstadoEvento-1.0.html"/></extension><nameUrl value="ValueSet-BREstadoEvento-1.0.html"/><title value="Estado do Evento"/><generation value="generated"/></page><page><extension url="http://hl7.org/fhir/tools/StructureDefinition/ig-page-name"><valueUrl value="ValueSet-BREstadoResolucaoDiagnosticoProblema-1.0.html"/></extension><nameUrl value="ValueSet-BREstadoResolucaoDiagnosticoProblema-1.0.html"/><title value="Estado da Resolução de Diagnóstico ou Problema"/><generation value="generated"/></page><page><extension url="http://hl7.org/fhir/tools/StructureDefinition/ig-page-name"><valueUrl value="ValueSet-BREstrategiaVacinacao-1.0.html"/></extension><nameUrl value="ValueSet-BREstrategiaVacinacao-1.0.html"/><title value="Estratégia de Vacinação"/><generation value="generated"/></page><page><extension url="http://hl7.org/fhir/tools/StructureDefinition/ig-page-name"><valueUrl value="ValueSet-BRFabricanteImunobiologico-1.0.html"/></extension><nameUrl value="ValueSet-BRFabricanteImunobiologico-1.0.html"/><title value="Fabricante do Imunobiológico"/><generation value="generated"/></page><page><extension url="http://hl7.org/fhir/tools/StructureDefinition/ig-page-name"><valueUrl value="ValueSet-BRGrupoAtendimento-1.0.html"/></extension><nameUrl value="ValueSet-BRGrupoAtendimento-1.0.html"/><title value="Tipo de grupo de atendimento"/><generation value="generated"/></page><page><extension url="http://hl7.org/fhir/tools/StructureDefinition/ig-page-name"><valueUrl value="ValueSet-BRImunobiologico-1.0.html"/></extension><nameUrl value="ValueSet-BRImunobiologico-1.0.html"/><title value="Imunobiológico"/><generation value="generated"/></page><page><extension url="http://hl7.org/fhir/tools/StructureDefinition/ig-page-name"><valueUrl value="ValueSet-BRLocalAplicacao-1.0.html"/></extension><nameUrl value="ValueSet-BRLocalAplicacao-1.0.html"/><title value="Local de Aplicação"/><generation value="generated"/></page><page><extension url="http://hl7.org/fhir/tools/StructureDefinition/ig-page-name"><valueUrl value="ValueSet-BRPais-1.0.html"/></extension><nameUrl value="ValueSet-BRPais-1.0.html"/><title value="País"/><generation value="generated"/></page><page><extension url="http://hl7.org/fhir/tools/StructureDefinition/ig-page-name"><valueUrl value="ValueSet-BRRegistroOrigem.html"/></extension><nameUrl value="ValueSet-BRRegistroOrigem.html"/><title value="Registro de Origem"/><generation value="generated"/></page><page><extension url="http://hl7.org/fhir/tools/StructureDefinition/ig-page-name"><valueUrl value="ValueSet-BRTipoDocumento-1.0.html"/></extension><nameUrl value="ValueSet-BRTipoDocumento-1.0.html"/><title value="Tipo de Documento"/><generation value="generated"/></page><page><extension url="http://hl7.org/fhir/tools/StructureDefinition/ig-page-name"><valueUrl value="ValueSet-BRViaAdministracao-1.0.html"/></extension><nameUrl value="ValueSet-BRViaAdministracao-1.0.html"/><title value="Via de Administração do Imunobiológico"/><generation value="generated"/></page><page><extension url="http://hl7.org/fhir/tools/StructureDefinition/ig-page-name"><valueUrl value="CodeSystem-BRCID10.html"/></extension><nameUrl value="CodeSystem-BRCID10.html"/><title value="Classificação Internacional de Doenças - Décima Revisão (CID-10)"/><generation value="generated"/></page><page><extension url="http://hl7.org/fhir/tools/StructureDefinition/ig-page-name"><valueUrl value="CodeSystem-BRCategoriaDiagnostico.html"/></extension><nameUrl value="CodeSystem-BRCategoriaDiagnostico.html"/><title value="Categoria do Diagnóstico"/><generation value="generated"/></page><page><extension url="http://hl7.org/fhir/tools/StructureDefinition/ig-page-name"><valueUrl value="CodeSystem-BRCondicaoMaternal.html"/></extension><nameUrl value="CodeSystem-BRCondicaoMaternal.html"/><title value="Condição Maternal"/><generation value="generated"/></page><page><extension url="http://hl7.org/fhir/tools/StructureDefinition/ig-page-name"><valueUrl value="CodeSystem-BRDose.html"/></extension><nameUrl value="CodeSystem-BRDose.html"/><title value="Dose de Vacina"/><generation value="generated"/></page><page><extension url="http://hl7.org/fhir/tools/StructureDefinition/ig-page-name"><valueUrl value="CodeSystem-BREstrategiaVacinacao.html"/></extension><nameUrl value="CodeSystem-BREstrategiaVacinacao.html"/><title value="Estratégia de Vacinação"/><generation value="generated"/></page><page><extension url="http://hl7.org/fhir/tools/StructureDefinition/ig-page-name"><valueUrl value="CodeSystem-BRFabricantePNI.html"/></extension><nameUrl value="CodeSystem-BRFabricantePNI.html"/><title value="Fabricante do Imunobiológico"/><generation value="generated"/></page><page><extension url="http://hl7.org/fhir/tools/StructureDefinition/ig-page-name"><valueUrl value="CodeSystem-BRGrupoAtendimento.html"/></extension><nameUrl value="CodeSystem-BRGrupoAtendimento.html"/><title value="Grupo de Atendimento"/><generation value="generated"/></page><page><extension url="http://hl7.org/fhir/tools/StructureDefinition/ig-page-name"><valueUrl value="CodeSystem-BRImunobiologico.html"/></extension><nameUrl value="CodeSystem-BRImunobiologico.html"/><title value="Imunobiológico"/><generation value="generated"/></page><page><extension url="http://hl7.org/fhir/tools/StructureDefinition/ig-page-name"><valueUrl value="CodeSystem-BRLocalAplicacao.html"/></extension><nameUrl value="CodeSystem-BRLocalAplicacao.html"/><title value="Local de Aplicação"/><generation value="generated"/></page><page><extension url="http://hl7.org/fhir/tools/StructureDefinition/ig-page-name"><valueUrl value="CodeSystem-BRPais.html"/></extension><nameUrl value="CodeSystem-BRPais.html"/><title value="País"/><generation value="generated"/></page><page><extension url="http://hl7.org/fhir/tools/StructureDefinition/ig-page-name"><valueUrl value="CodeSystem-BRRegistroOrigem.html"/></extension><nameUrl value="CodeSystem-BRRegistroOrigem.html"/><title value="Registro de Origem"/><generation value="generated"/></page><page><extension url="http://hl7.org/fhir/tools/StructureDefinition/ig-page-name"><valueUrl value="CodeSystem-BRTipoDocumento.html"/></extension><nameUrl value="CodeSystem-BRTipoDocumento.html"/><title value="Tipo de Documento"/><generation value="generated"/></page><page><extension url="http://hl7.org/fhir/tools/StructureDefinition/ig-page-name"><valueUrl value="CodeSystem-BRViaAdministracao.html"/></extension><nameUrl value="CodeSystem-BRViaAdministracao.html"/><title value="Via de Administração"/><generation value="generated"/></page><page><extension url="http://hl7.org/fhir/tools/StructureDefinition/ig-page-name"><valueUrl value="Bundle-example-RIA-C.html"/></extension><nameUrl value="Bundle-example-RIA-C.html"/><title value="Bundle de exemplo do RIA-C"/><generation value="generated"/></page><page><extension url="http://hl7.org/fhir/tools/StructureDefinition/ig-page-name"><valueUrl value="Bundle-example-RIA-R.html"/></extension><nameUrl value="Bundle-example-RIA-R.html"/><title value="Bundle de exemplo do RIA-R"/><generation value="generated"/></page></page></page><parameter><code value="path-resource"/><value value="input\history"/></parameter><parameter><code value="path-resource"/><value value="input/resources"/></parameter><parameter><code value="path-pages"/><value value="input/pagecontent"/></parameter><parameter><code value="path-resource"/><value value="input/capabilities"/></parameter><parameter><code value="path-resource"/><value value="input/examples"/></parameter><parameter><code value="path-resource"/><value value="input/extensions"/></parameter><parameter><code value="path-resource"/><value value="input/models"/></parameter><parameter><code value="path-resource"/><value value="input/operations"/></parameter><parameter><code value="path-resource"/><value value="input/profiles"/></parameter><parameter><code value="path-resource"/><value value="input/vocabulary"/></parameter><parameter><code value="path-resource"/><value value="input/testing"/></parameter><parameter><code value="path-resource"/><value value="input/history"/></parameter><parameter><code value="path-resource"/><value value="fsh-generated/resources"/></parameter><parameter><code value="path-pages"/><value value="template/config"/></parameter><parameter><code value="path-pages"/><value value="input/images"/></parameter><parameter><code value="path-tx-cache"/><value value="input-cache/txcache"/></parameter></definition></ImplementationGuide>