<?xml version="1.0" encoding="UTF-8"?><ValueSet xmlns="http://hl7.org/fhir"><id value="BRCategoriaDiagnostico"/><language value="pt-BR"/><text><status value="generated"/><div xmlns="http://www.w3.org/1999/xhtml" xml:lang="pt-BR" lang="pt-BR"><p class="res-header-id"><b>Generated Narrative: ValueSet BRCategoriaDiagnostico</b></p><a name="BRCategoriaDiagnostico"> </a><a name="hcBRCategoriaDiagnostico"> </a><a name="BRCategoriaDiagnostico-und"> </a><div style="display: inline-block; background-color: #d9e0e7; padding: 6px; margin: 4px; border: 1px solid #8da1b4; border-radius: 5px; line-height: 60%"><p style="margin-bottom: 0px">Language: pt-BR</p></div><ul><li>Include all codes defined in <a href="CodeSystem-BRCategoriaDiagnostico.html"><code>http://www.saude.gov.br/fhir/r4/CodeSystem/BRCategoriaDiagnostico</code></a></li></ul></div></text><extension url="http://hl7.org/fhir/StructureDefinition/structuredefinition-fmm"><valueInteger value="1"><extension url="http://hl7.org/fhir/StructureDefinition/structuredefinition-conformance-derivedFrom"><valueCanonical value="http://www.saude.gov.br/fhir/r4/ImplementationGuide/br.gov.saude.ria.fhir"/></extension></valueInteger></extension><extension url="http://hl7.org/fhir/StructureDefinition/structuredefinition-standards-status"><valueCode value="informative"><extension url="http://hl7.org/fhir/StructureDefinition/structuredefinition-conformance-derivedFrom"><valueCanonical value="http://www.saude.gov.br/fhir/r4/ImplementationGuide/br.gov.saude.ria.fhir"/></extension></valueCode></extension><url value="http://www.saude.gov.br/fhir/r4/ValueSet/BRCategoriaDiagnostico"/><version value="0.1.0"/><name value="BRCategoriaDiagnostico"/><title value="Categoria do Diagnóstico"/><status value="active"/><experimental value="false"/><date value="2022-05-19T11:10:40.0457007+00:00"/><publisher value="Ministério da Saúde do Brasil"/><contact><telecom><system value="url"/><value value="http://www.saude.gov.br"/></telecom></contact><description value="ValueSet utilizado para definir o tipo de categoria do diagnóstico realizado."/><jurisdiction><coding><system value="urn:iso:std:iso:3166"/><code value="BR"/></coding></jurisdiction><immutable value="false"/><compose><include><system value="http://www.saude.gov.br/fhir/r4/CodeSystem/BRCategoriaDiagnostico"/><version value="*"/></include></compose></ValueSet>