Source File	Size	loadResources	load	generateSnapshots	load-configure	scan	loadDepInfo	loadInfo	checkR4R4B	generateNarratives	validate	loadLists	checkConformanceResources	checkConformanceResources2	checkConformanceResources3	generateLogicalMaps	validateExpressions	scanForUsageStats	checkURLsUnique	processProvenanceDetails	translate	generate1	generate2	generateLogicals	makeDependencies	generateExampleZip	generateValidationPack	scanProfilesForR5	scanExamplesForR5
/input/myig.xml	11513	-	0	0	0	0	0	0	19	29	0	0	0	0	0	0	0	0	0	0	0	164	147	0	0	0	4	0	3
input/examples/example-RIA-R.json	7407	5	14	0	1	0	0	0	0	305	0	0	0	0	0	0	0	0	0	0	0	24	51	0	0	0	0	0	1
input/resources/CodeSystem-BRCBO.xml	880947	568	0	0	2	0	0	0	50	458	0	0	1	0	0	0	0	7	0	0	0	1039	2088	0	0	0	38	0	12
input/resources/CodeSystem-BRCID10.xml	1929907	314	0	0	20	0	0	0	53	1320	0	0	7	0	0	0	0	10	0	0	0	2855	6651	0	0	0	149	0	6
input/resources/CodeSystem-BRCategoriaDiagnostico.xml	864	3	0	0	0	0	0	0	0	2	0	0	0	0	0	0	0	0	0	1	0	9	28	0	0	0	1	0	0
input/resources/CodeSystem-BRCondicaoMaternal.xml	880	3	0	0	0	0	0	0	0	1	0	0	0	0	0	0	0	0	0	0	0	8	26	0	0	0	0	0	0
input/resources/CodeSystem-BRDose.xml	23226	5	0	0	0	0	0	0	1	5	0	0	0	0	0	0	0	1	0	0	0	34	43	0	0	0	1	0	0
input/resources/CodeSystem-BREstrategiaVacinacao.xml	4917	4	0	0	0	0	0	0	0	3	0	0	0	0	0	0	0	0	0	0	0	14	30	0	0	0	0	0	1
input/resources/CodeSystem-BRFabricantePNI.xml	29327	6	0	0	2	0	0	0	1	8	0	0	0	0	0	0	0	0	0	0	0	45	50	0	0	0	2	0	0
input/resources/CodeSystem-BRGrupoAtendimento.xml	27365	6	0	0	0	0	0	0	1	11	0	0	0	0	0	0	0	0	0	0	0	46	59	0	0	0	1	0	0
input/resources/CodeSystem-BRImunobiologico.xml	51490	9	0	0	0	0	0	0	1	15	0	0	0	0	0	0	0	0	0	0	0	68	65	0	0	0	3	0	0
input/resources/CodeSystem-BRLocalAplicacao.xml	8888	4	0	0	0	0	0	0	0	3	0	0	0	0	0	0	0	0	0	0	0	18	30	0	0	0	1	0	1
input/resources/CodeSystem-BRPais.xml	30317	7	0	0	0	0	0	0	2	8	0	0	0	0	0	0	0	1	0	0	0	54	66	0	0	0	2	0	0
input/resources/CodeSystem-BRRegistroOrigem.xml	835	3	0	0	0	0	0	0	0	2	0	0	0	0	0	0	0	0	0	0	0	8	21	0	0	0	0	0	0
input/resources/CodeSystem-BRTipoDocumento.xml	2667	3	0	0	0	0	0	0	0	2	0	0	0	0	0	0	0	0	0	0	0	12	21	0	0	0	0	0	0
input/resources/CodeSystem-BRViaAdministracao.xml	21757	5	0	0	0	0	0	0	0	3	0	0	0	0	0	0	0	0	0	0	0	33	36	0	0	0	1	0	0
input/resources/StructureDefinition-BRCID10Avaliado-1.0.xml	16337	5	0	158	0	0	0	0	1	48	0	0	0	0	0	0	0	1	0	0	0	237	823	0	1	0	6	0	1
input/resources/StructureDefinition-BRCondicaoMaternal.xml	3005	3	0	15	0	0	0	0	0	7	0	0	0	0	0	0	0	0	0	0	0	52	169	0	0	0	2	0	0
input/resources/StructureDefinition-BRContatoHanseniase.xml	1577	3	0	6	0	0	0	0	0	4	0	0	0	0	0	0	0	0	0	0	0	24	99	0	0	0	1	0	0
input/resources/StructureDefinition-BREstrategiaVacinacao-1.0.xml	2747	3	0	9	0	0	0	0	0	7	0	0	1	0	0	0	0	0	0	0	0	50	160	0	0	0	1	0	0
input/resources/StructureDefinition-BREstrategiaVacinacaoPesquisa-1.0.xml	4088	3	0	11	0	0	0	0	0	8	0	0	0	0	0	0	0	0	0	0	0	61	174	0	0	0	2	0	0
input/resources/StructureDefinition-BRGrupoAtendimento.xml	2559	3	0	11	0	0	0	0	0	7	0	0	0	0	0	0	0	0	0	0	0	49	157	0	0	0	1	1	1
input/resources/StructureDefinition-BRImunobiologicoAdministrado-3.0.xml	28851	5	0	78	1	0	0	0	0	50	0	0	0	0	0	0	0	3	0	0	0	442	856	0	0	0	14	0	1
input/resources/StructureDefinition-BRRegistroImunobiologicoAdministradoRotina-2.0.json	11726	3	0	30	0	0	0	0	0	26	0	0	0	0	0	0	0	1	0	0	0	260	396	0	1	0	7	0	0
input/resources/ValueSet-BRCID10-1.0.xml	759	3	0	0	0	0	0	0	0	36	0	0	0	0	0	0	0	0	0	0	0	9	333	0	0	0	0	0	0
input/resources/ValueSet-BRCategoriaDiagnostico.xml	776	2	0	0	0	0	0	0	0	3	0	0	0	0	0	0	0	0	0	0	0	9	37	0	0	0	1	0	1
input/resources/ValueSet-BRCondicaoMaternal-1.0.xml	753	3	0	0	0	0	0	0	0	2	0	0	0	0	0	0	0	0	0	0	0	8	49	0	0	0	0	0	0
input/resources/ValueSet-BRDose-1.0.xml	703	3	0	0	0	0	0	0	0	3	0	0	0	0	0	0	0	0	0	0	0	8	42	0	0	0	0	0	0
input/resources/ValueSet-BREstadoEvento-1.0.xml	2201	3	0	0	0	0	0	0	0	5	0	0	0	0	0	0	0	0	0	0	0	12	35	0	0	0	0	0	0
input/resources/ValueSet-BREstadoResolucaoDiagnosticoProblema-1.0.xml	1920	3	0	0	0	0	0	0	0	4	0	0	0	0	0	0	0	0	0	0	0	13	33	0	0	0	0	0	0
input/resources/ValueSet-BREstrategiaVacinacao-1.0.xml	751	2	0	0	0	0	0	0	0	3	0	0	0	0	0	0	0	0	0	0	0	11	31	0	0	0	1	0	0
input/resources/ValueSet-BRFabricanteImunobiologico-1.0.xml	757	3	0	0	0	0	0	0	0	2	0	0	0	0	0	0	0	0	0	0	0	10	47	0	0	0	0	0	0
input/resources/ValueSet-BRGrupoAtendimento-1.0.xml	798	3	0	0	0	0	0	0	0	2	0	0	0	0	0	0	0	0	0	0	0	10	38	0	0	0	0	0	0
input/resources/ValueSet-BRImunobiologico-1.0.xml	739	2	0	0	0	0	0	0	0	2	0	0	0	0	0	0	0	0	0	0	0	12	36	0	0	0	0	0	0
input/resources/ValueSet-BRLocalAplicacao-1.0.xml	736	2	0	0	0	0	0	0	1	3	0	0	0	0	0	0	0	0	0	0	0	12	28	0	0	0	0	0	0
input/resources/ValueSet-BROcupacao-1.0.xml	765	3	0	0	0	0	0	0	0	3	0	0	0	0	0	0	0	0	0	0	0	12	127	0	0	0	0	0	0
input/resources/ValueSet-BRPais-1.0.xml	663	2	0	0	0	0	0	0	0	2	0	0	0	0	0	0	0	0	0	0	0	11	54	0	0	0	0	0	0
input/resources/ValueSet-BRRegistroOrigem.xml	740	3	0	0	0	0	0	0	0	2	0	0	0	0	0	0	0	0	0	0	0	12	27	0	0	0	0	0	0
input/resources/ValueSet-BRTipoDocumento-1.0.xml	727	3	0	0	0	0	0	0	0	3	0	0	0	0	0	0	0	0	0	0	0	12	43	0	0	0	1	0	0
input/resources/ValueSet-BRViaAdministracao-1.0.xml	740	2	0	0	0	0	0	0	0	2	0	0	0	0	0	0	0	0	0	0	0	12	35	0	0	0	0	0	0
/input/includes/menu.xml	1814	-	-	-	0	0	0	0	0	0	0	0	0	0	0	0	0	0	0	0	0	0	1	0	0	0	0	0	0
/input/pagecontent/exemplos.xml	445	-	-	-	0	0	0	0	0	0	0	0	0	0	0	0	0	0	0	0	0	0	22	0	0	0	0	0	0
/input/pagecontent/index.xml	4915	-	-	-	0	0	0	0	0	0	0	0	0	0	0	0	0	0	0	0	0	0	16	0	0	0	0	0	0
/input/pagecontent/changes.xml	457	-	-	-	0	0	0	0	0	0	0	0	0	0	0	0	0	0	0	0	0	0	14	0	0	0	0	0	0
/input/pagecontent/suporte.xml	771	-	-	-	0	0	0	0	0	0	0	0	0	0	0	0	0	0	0	0	0	0	12	0	0	0	0	0	0
/input/pagecontent/miRiar.xml	22572	-	-	-	0	0	0	0	0	0	0	0	0	0	0	0	0	0	0	0	0	0	21	0	0	0	0	0	0
/input/pagecontent/downloads.xml	1331	-	-	-	0	0	0	0	0	0	0	0	0	0	0	0	0	0	0	0	0	0	13	0	0	0	0	0	0
/input/pagecontent/integracao.xml	44091	-	-	-	0	0	0	0	0	0	0	0	0	0	0	0	0	0	0	0	0	0	20	0	0	0	0	0	0
/input/pagecontent/credenciamento.xml	9098	-	-	-	0	0	0	0	0	0	0	0	0	0	0	0	0	0	0	0	0	0	15	0	0	0	0	0	0
/input/pagecontent/lives.xml	2292	-	-	-	0	0	0	0	0	0	0	0	0	0	0	0	0	0	0	0	0	0	13	0	0	0	0	0	0
/input/pagecontent/forms.xml	967	-	-	-	0	0	0	0	0	0	0	0	0	0	0	0	0	0	0	0	0	0	12	0	0	0	0	0	0
/input/pagecontent/mcRiar.xml	9569	-	-	-	0	0	0	0	0	0	0	0	0	0	0	0	0	0	0	0	0	0	17	0	0	0	0	0	0
/input/pagecontent	0	-	-	-	0	0	0	0	0	0	0	0	0	0	0	0	0	0	0	0	0	0	0	0	0	0	0	0	0
/template/config	0	-	-	-	0	0	0	0	0	0	0	0	0	0	0	0	0	0	0	0	0	0	0	0	0	0	0	0	0
/template/config/_config.yml	140	-	-	-	0	0	0	0	0	0	0	0	0	0	0	0	0	0	0	0	0	0	0	0	0	0	0	0	0
/input/images	0	-	-	-	0	0	0	0	0	0	0	0	0	0	0	0	0	0	0	0	0	0	0	0	0	0	0	0	0
/input/images/credenciamento.png	132870	-	-	-	0	0	0	0	0	0	0	0	0	0	0	0	0	0	0	0	0	0	1	0	0	0	0	0	0
/input/images/envioDocumento.png	140904	-	-	-	0	0	0	0	0	0	0	0	0	0	0	0	0	0	0	0	0	0	1	0	0	0	0	0	0
/input/images/consultaIDRNDS.png	92600	-	-	-	0	0	0	0	0	0	0	0	0	0	0	0	0	0	0	0	0	0	1	0	0	0	0	0	0
/input/images/portalServicos.png	123945	-	-	-	0	0	0	0	0	0	0	0	0	0	0	0	0	0	0	0	0	0	0	0	0	0	0	0	0
/input/images/consultaIDLocal.png	127465	-	-	-	0	0	0	0	0	0	0	0	0	0	0	0	0	0	0	0	0	0	1	0	0	0	0	0	0
/input/images/gerenciadorCredenciais.png	92837	-	-	-	0	0	0	0	0	0	0	0	0	0	0	0	0	0	0	0	0	0	0	0	0	0	0	0	0
/input/images/riarMC.png	34229	-	-	-	0	0	0	0	0	0	0	0	0	0	0	0	0	0	0	0	0	0	1	0	0	0	0	0	0
/input/images/estabelecimentosFilhos.png	33060	-	-	-	0	0	0	0	0	0	0	0	0	0	0	0	0	0	0	0	0	0	0	0	0	0	0	0	0
/input/images/acessoGov.png	615672	-	-	-	0	0	0	0	0	0	0	0	0	0	0	0	0	0	0	0	0	0	2	0	0	0	0	0	0
/temp/pages/_includes/artifacts.xml	216	-	-	-	-	-	-	-	-	-	-	-	-	-	-	-	-	-	-	-	-	-	0	0	0	0	0	0	0
/temp/pages/_includes/fragment-artifacts-table.html	3443	-	-	-	-	-	-	-	-	-	-	-	-	-	-	-	-	-	-	-	-	-	0	0	0	0	0	0	0
