{
  "resourceType" : "CodeSystem",
  "id" : "BRCondicaoMaternal",
  "language" : "pt-BR",
  "text" : {
    "status" : "generated",
    "div" : "<div xmlns=\"http://www.w3.org/1999/xhtml\" xml:lang=\"pt-BR\" lang=\"pt-BR\"><p class=\"res-header-id\"><b>Generated Narrative: CodeSystem BRCondicaoMaternal</b></p><a name=\"BRCondicaoMaternal\"> </a><a name=\"hcBRCondicaoMaternal\"> </a><a name=\"BRCondicaoMaternal-und\"> </a><div style=\"display: inline-block; background-color: #d9e0e7; padding: 6px; margin: 4px; border: 1px solid #8da1b4; border-radius: 5px; line-height: 60%\"><p style=\"margin-bottom: 0px\">Language: pt-BR</p></div><p>This case-sensitive code system <code>http://www.saude.gov.br/fhir/r4/CodeSystem/BRCondicaoMaternal</code> defines the following codes:</p><table class=\"codes\"><tr><td style=\"white-space:nowrap\"><b>Code</b></td><td><b>Display</b></td></tr><tr><td style=\"white-space:nowrap\">1<a name=\"BRCondicaoMaternal-1\"> </a></td><td>Não se aplica</td></tr><tr><td style=\"white-space:nowrap\">2<a name=\"BRCondicaoMaternal-2\"> </a></td><td>Gestante</td></tr><tr><td style=\"white-space:nowrap\">3<a name=\"BRCondicaoMaternal-3\"> </a></td><td>Puérpera</td></tr></table></div>"
  },
  "extension" : [{
    "url" : "http://hl7.org/fhir/StructureDefinition/structuredefinition-fmm",
    "valueInteger" : 1,
    "_valueInteger" : {
      "extension" : [{
        "url" : "http://hl7.org/fhir/StructureDefinition/structuredefinition-conformance-derivedFrom",
        "valueCanonical" : "http://www.saude.gov.br/fhir/r4/ImplementationGuide/br.gov.saude.ria.fhir"
      }]
    }
  },
  {
    "url" : "http://hl7.org/fhir/StructureDefinition/structuredefinition-standards-status",
    "valueCode" : "informative",
    "_valueCode" : {
      "extension" : [{
        "url" : "http://hl7.org/fhir/StructureDefinition/structuredefinition-conformance-derivedFrom",
        "valueCanonical" : "http://www.saude.gov.br/fhir/r4/ImplementationGuide/br.gov.saude.ria.fhir"
      }]
    }
  }],
  "url" : "http://www.saude.gov.br/fhir/r4/CodeSystem/BRCondicaoMaternal",
  "version" : "0.1.0",
  "name" : "BRCondicaoMaternal",
  "title" : "Condição Maternal",
  "status" : "active",
  "experimental" : false,
  "date" : "2021-08-19T14:10:22.301430+00:00",
  "publisher" : "Ministério da Saúde do Brasil",
  "contact" : [{
    "telecom" : [{
      "system" : "url",
      "value" : "http://www.saude.gov.br"
    }]
  }],
  "description" : "Indicação da condição maternal da pessoa vacinada.",
  "jurisdiction" : [{
    "coding" : [{
      "system" : "urn:iso:std:iso:3166",
      "code" : "BR"
    }]
  }],
  "caseSensitive" : true,
  "content" : "complete",
  "concept" : [{
    "code" : "1",
    "display" : "Não se aplica"
  },
  {
    "code" : "2",
    "display" : "Gestante"
  },
  {
    "code" : "3",
    "display" : "Puérpera"
  }]
}