{
  "resourceType" : "ValueSet",
  "id" : "BREstadoEvento-1.0",
  "language" : "pt-BR",
  "text" : {
    "status" : "extensions",
    "div" : "<div xmlns=\"http://www.w3.org/1999/xhtml\" xml:lang=\"pt-BR\" lang=\"pt-BR\"><p class=\"res-header-id\"><b>Generated Narrative: ValueSet BREstadoEvento-1.0</b></p><a name=\"BREstadoEvento-1.0\"> </a><a name=\"hcBREstadoEvento-1.0\"> </a><a name=\"BREstadoEvento-1.0-und\"> </a><div style=\"display: inline-block; background-color: #d9e0e7; padding: 6px; margin: 4px; border: 1px solid #8da1b4; border-radius: 5px; line-height: 60%\"><p style=\"margin-bottom: 0px\">Language: pt-BR</p></div><ul><li>Include these codes as defined in <a href=\"http://hl7.org/fhir/R4/codesystem-event-status.html\"><code>http://hl7.org/fhir/event-status</code></a> version <code>*</code><table class=\"none\"><tr><td style=\"white-space:nowrap\"><b>Code</b></td><td><b>Display</b></td><td><b>Definition</b></td></tr><tr><td><a href=\"http://hl7.org/fhir/R4/codesystem-event-status.html#event-status-preparation\">preparation</a></td><td>Pré-procedimento</td><td>The core event has not started yet, but some staging activities have begun (e.g. surgical suite preparation).  Preparation stages may be tracked for billing purposes.</td></tr><tr><td><a href=\"http://hl7.org/fhir/R4/codesystem-event-status.html#event-status-in-progress\">in-progress</a></td><td>Em andamento</td><td>The event is currently occurring.</td></tr><tr><td><a href=\"http://hl7.org/fhir/R4/codesystem-event-status.html#event-status-not-done\">not-done</a></td><td>Não Realizado</td><td>The event was terminated prior to any activity beyond preparation.  I.e. The 'main' activity has not yet begun.  The boundary between preparatory and the 'main' activity is context-specific.</td></tr><tr><td><a href=\"http://hl7.org/fhir/R4/codesystem-event-status.html#event-status-on-hold\">on-hold</a></td><td>Suspenso</td><td>The event has been temporarily stopped but is expected to resume in the future.</td></tr><tr><td><a href=\"http://hl7.org/fhir/R4/codesystem-event-status.html#event-status-stopped\">stopped</a></td><td>Cancelado</td><td>The event was terminated prior to the full completion of the intended activity but after at least some of the 'main' activity (beyond preparation) has occurred.</td></tr><tr><td><a href=\"http://hl7.org/fhir/R4/codesystem-event-status.html#event-status-completed\">completed</a></td><td>Completado</td><td>The event has now concluded.</td></tr><tr><td><a href=\"http://hl7.org/fhir/R4/codesystem-event-status.html#event-status-unknown\">unknown</a></td><td>Desconhecido</td><td>The authoring/source system does not know which of the status values currently applies for this event.  Note: This concept is not to be used for &quot;other&quot; - one of the listed statuses is presumed to apply,  but the authoring/source system does not know which.</td></tr><tr><td><a href=\"http://hl7.org/fhir/R4/codesystem-event-status.html#event-status-entered-in-error\">entered-in-error</a></td><td>Entrada com erro</td><td>This electronic record should never have existed, though it is possible that real-world decisions were based on it.  (If real-world activity has occurred, the status should be &quot;stopped&quot; rather than &quot;entered-in-error&quot;.).</td></tr></table></li></ul></div>"
  },
  "extension" : [{
    "url" : "http://hl7.org/fhir/StructureDefinition/structuredefinition-fmm",
    "valueInteger" : 1,
    "_valueInteger" : {
      "extension" : [{
        "url" : "http://hl7.org/fhir/StructureDefinition/structuredefinition-conformance-derivedFrom",
        "valueCanonical" : "http://www.saude.gov.br/fhir/r4/ImplementationGuide/br.gov.saude.ria.fhir"
      }]
    }
  },
  {
    "url" : "http://hl7.org/fhir/StructureDefinition/structuredefinition-standards-status",
    "valueCode" : "informative",
    "_valueCode" : {
      "extension" : [{
        "url" : "http://hl7.org/fhir/StructureDefinition/structuredefinition-conformance-derivedFrom",
        "valueCanonical" : "http://www.saude.gov.br/fhir/r4/ImplementationGuide/br.gov.saude.ria.fhir"
      }]
    }
  }],
  "url" : "http://www.saude.gov.br/fhir/r4/ValueSet/BREstadoEvento-1.0",
  "version" : "0.1.0",
  "name" : "BREstadoEvento",
  "title" : "Estado do Evento",
  "status" : "draft",
  "experimental" : false,
  "date" : "2020-04-07T12:14:07.8417018+00:00",
  "publisher" : "Ministério da Saúde do Brasil",
  "contact" : [{
    "telecom" : [{
      "system" : "url",
      "value" : "http://www.saude.gov.br"
    }]
  }],
  "description" : "Identificação do estado de um evento.",
  "jurisdiction" : [{
    "coding" : [{
      "system" : "urn:iso:std:iso:3166",
      "code" : "BR"
    }]
  }],
  "immutable" : false,
  "compose" : {
    "include" : [{
      "system" : "http://hl7.org/fhir/event-status",
      "version" : "*",
      "concept" : [{
        "code" : "preparation",
        "display" : "Pré-procedimento"
      },
      {
        "code" : "in-progress",
        "display" : "Em andamento"
      },
      {
        "code" : "not-done",
        "display" : "Não Realizado"
      },
      {
        "code" : "on-hold",
        "display" : "Suspenso"
      },
      {
        "code" : "stopped",
        "display" : "Cancelado"
      },
      {
        "code" : "completed",
        "display" : "Completado"
      },
      {
        "code" : "unknown",
        "display" : "Desconhecido"
      },
      {
        "code" : "entered-in-error",
        "display" : "Entrada com erro"
      }]
    }]
  }
}